{
  "type": "FeatureCollection",
  "features": [
    {
      "type": "Feature",
      "properties": {
        "pieceId": "v2-piece-001-00d65a133c228ed4",
        "geometryHash": "00d65a133c228ed41c2cb41c5e6c9978a3ceff7fdfce4cd7e6a135ab74cd607b",
        "areaKm2": 44.261534,
        "vertexCountAfter": 5,
        "geometryBytes": 233,
        "compactness": 0.716471952,
        "partCount": 1
      },
      "geometry": {
        "type": "Polygon",
        "coordinates": [
          [
            [
              114.19016995407121,
              30.58898373633317
            ],
            [
              114.13910198282329,
              30.587870245257633
            ],
            [
              114.13670521037952,
              30.669244580569096
            ],
            [
              114.1878158261019,
              30.670361666224952
            ],
            [
              114.19016995407121,
              30.58898373633317
            ]
          ]
        ]
      }
    },
    {
      "type": "Feature",
      "properties": {
        "pieceId": "v2-piece-002-1020a51cd382ebf0",
        "geometryHash": "1020a51cd382ebf09c0107576b81d3f33b827f8c305a2b22fb783d75d4f7a48c",
        "areaKm2": 44.261534,
        "vertexCountAfter": 78,
        "geometryBytes": 3111,
        "compactness": 0.389430055,
        "partCount": 1
      },
      "geometry": {
        "type": "Polygon",
        "coordinates": [
          [
            [
              114.19046799820461,
              30.331983999558105
            ],
            [
              114.18940999820016,
              30.32823199955786
            ],
            [
              114.18927799819961,
              30.327800999557837
            ],
            [
              114.18897999819836,
              30.326965999557768
            ],
            [
              114.18857599819663,
              30.325897999557665
            ],
            [
              114.18816599819485,
              30.324903999557577
            ],
            [
              114.1871799981906,
              30.322714999557377
            ],
            [
              114.1867419981887,
              30.321821999557294
            ],
            [
              114.18597599818534,
              30.32034999955714
            ],
            [
              114.18535099818263,
              30.31902999955702
            ],
            [
              114.18499399818108,
              30.318235999556954
            ],
            [
              114.18450799817896,
              30.317089999556845
            ],
            [
              114.18414099817737,
              30.316177999556768
            ],
            [
              114.1837959981759,
              30.315276999556698
            ],
            [
              114.18344699817439,
              30.314260999556627
            ],
            [
              114.18284299817181,
              30.312303999556484
            ],
            [
              114.18238499816985,
              30.310599999556374
            ],
            [
              114.18217399816899,
              30.309653999556303
            ],
            [
              114.18199999816827,
              30.308763999556263
            ],
            [
              114.18141199816586,
              30.305502999556094
            ],
            [
              114.18115199816478,
              30.304245999556013
            ],
            [
              114.18095499816395,
              30.30338699955596
            ],
            [
              114.18059599816243,
              30.30197999955587
            ],
            [
              114.18002199815997,
              30.300023999555744
            ],
            [
              114.17958399815808,
              30.298714999555624
            ],
            [
              114.17911599815604,
              30.297431999555545
            ],
            [
              114.17860299815379,
              30.29613599955542
            ],
            [
              114.17774099815,
              30.29417699955524
            ],
            [
              114.17679199814582,
              30.292293999555046
            ],
            [
              114.17357699813076,
              30.293912999554635
            ],
            [
              114.17426999813384,
              30.295626999554795
            ],
            [
              114.17713999814646,
              30.30298999955541
            ],
            [
              114.17746599814785,
              30.304274999555485
            ],
            [
              114.17764399814861,
              30.30505099955554
            ],
            [
              114.17788599814962,
              30.306227999555606
            ],
            [
              114.17845699815196,
              30.309402999555783
            ],
            [
              114.17864099815273,
              30.310344999555834
            ],
            [
              114.1788699981537,
              30.311379999555882
            ],
            [
              114.1793649981558,
              30.313234999556006
            ],
            [
              114.18000599815856,
              30.315319999556163
            ],
            [
              114.18039099816023,
              30.316444999556268
            ],
            [
              114.18077799816193,
              30.317461999556343
            ],
            [
              114.18116699816362,
              30.31843099955641
            ],
            [
              114.18167899816586,
              30.319640999556526
            ],
            [
              114.18206699816754,
              30.3205049995566
            ],
            [
              114.18272199817041,
              30.321889999556742
            ],
            [
              114.18354699817405,
              30.323481999556904
            ],
            [
              114.1839489981758,
              30.324300999556982
            ],
            [
              114.18488299817987,
              30.32638099955717
            ],
            [
              114.18524599818144,
              30.327266999557253
            ],
            [
              114.18561099818301,
              30.328236999557326
            ],
            [
              114.18596199818452,
              30.3292659995574
            ],
            [
              114.18699099818888,
              30.332918999557656
            ],
            [
              114.18729199819012,
              30.334153999557742
            ],
            [
              114.18749299819095,
              30.33512199955779
            ],
            [
              114.18765099819159,
              30.336008999557844
            ],
            [
              114.18264999816824,
              30.342981999557335
            ],
            [
              114.17954499815393,
              30.344118999556922
            ],
            [
              114.17638899813927,
              30.345286999556496
            ],
            [
              114.173127998124,
              30.346497999556075
            ],
            [
              114.1714509981161,
              30.347247999555847
            ],
            [
              114.16823299810082,
              30.34921099955544
            ],
            [
              114.16734099809655,
              30.349852999555324
            ],
            [
              114.1661659980909,
              30.350858999555175
            ],
            [
              114.16509599808575,
              30.35190799955506
            ],
            [
              114.15789399805094,
              30.355977999554106
            ],
            [
              114.150280998014,
              30.35563199955294
            ],
            [
              114.14873799800631,
              30.35686499955275
            ],
            [
              114.14696599799746,
              30.35844999955252
            ],
            [
              114.1460149979921,
              30.36539299955258
            ],
            [
              114.14558798735415,
              30.3659763608241
            ],
            [
              114.14386633192747,
              30.4251180140894
            ],
            [
              114.1948495326582,
              30.426224333556583
            ],
            [
              114.19731303950981,
              30.340003415091292
            ],
            [
              114.19647999823076,
              30.340008999559156
            ],
            [
              114.19101699820689,
              30.33438499955824
            ],
            [
              114.19078899820593,
              30.33330099955818
            ],
            [
              114.19046799820461,
              30.331983999558105
            ]
          ]
        ]
      }
    },
    {
      "type": "Feature",
      "properties": {
        "pieceId": "v2-piece-003-13e5f44c1294500f",
        "geometryHash": "13e5f44c1294500febe5bfac8bc36590bd25fdd38f1842f0c284f8052d2c458f",
        "areaKm2": 44.261534,
        "vertexCountAfter": 80,
        "geometryBytes": 3196,
        "compactness": 0.278429722,
        "partCount": 1
      },
      "geometry": {
        "type": "Polygon",
        "coordinates": [
          [
            [
              114.06311699752325,
              30.552653999544024
            ],
            [
              114.0599899975037,
              30.56092399954369
            ],
            [
              114.05813799749266,
              30.56075999954334
            ],
            [
              114.05712899748666,
              30.56045899954314
            ],
            [
              114.05393199746754,
              30.559584999542512
            ],
            [
              114.05387199746718,
              30.559571999542484
            ],
            [
              114.05131799745179,
              30.55897799954198
            ],
            [
              114.04468299741188,
              30.55404599954057
            ],
            [
              114.04444899741065,
              30.552171999540477
            ],
            [
              114.04421299740957,
              30.549149999540326
            ],
            [
              114.04418131385655,
              30.548744774483705
            ],
            [
              114.04056411655897,
              30.54866256036677
            ],
            [
              114.04062399738737,
              30.54942999953964
            ],
            [
              114.04085999738847,
              30.552451999539763
            ],
            [
              114.03562299735523,
              30.557572999538905
            ],
            [
              114.0333859973412,
              30.557521999538444
            ],
            [
              114.0311799973273,
              30.55749799953801
            ],
            [
              114.02903699731372,
              30.557474999537575
            ],
            [
              114.02773399730546,
              30.557414999537325
            ],
            [
              114.02700099730079,
              30.557382999537175
            ],
            [
              114.02476799728656,
              30.557175999536714
            ],
            [
              114.02266099727309,
              30.556887999536286
            ],
            [
              114.02042199725871,
              30.556456999535815
            ],
            [
              114.0166059972341,
              30.555553999535014
            ],
            [
              114.01419099721842,
              30.55507899953449
            ],
            [
              114.01184699720312,
              30.55465499953399
            ],
            [
              114.00906599718485,
              30.554266999533397
            ],
            [
              114.00709099717179,
              30.55411299953298
            ],
            [
              114.00518399715914,
              30.55396499953257
            ],
            [
              114.00138099713381,
              30.553354999531745
            ],
            [
              113.99534699709345,
              30.55061599953037
            ],
            [
              113.99455199708814,
              30.550053999530185
            ],
            [
              113.99347799708092,
              30.549300999529933
            ],
            [
              113.99155299706796,
              30.54815999952947
            ],
            [
              113.99009881051117,
              30.547505058192545
            ],
            [
              113.96832208731296,
              30.54699952632568
            ],
            [
              113.96885499690931,
              30.54717399952438
            ],
            [
              113.97091499692394,
              30.54772299952487
            ],
            [
              113.9732259969403,
              30.548240999525408
            ],
            [
              113.97561999695718,
              30.548642999525967
            ],
            [
              113.9779729969737,
              30.548940999526504
            ],
            [
              113.98006999698839,
              30.549101999526975
            ],
            [
              113.98230199700393,
              30.549311999527482
            ],
            [
              113.98896599704939,
              30.554183999529094
            ],
            [
              113.99020099705767,
              30.555641999529406
            ],
            [
              113.99048699705958,
              30.555949999529474
            ],
            [
              113.99085099706204,
              30.55629299952957
            ],
            [
              113.99129999706506,
              30.55663799952968
            ],
            [
              113.99177299706825,
              30.556932999529778
            ],
            [
              113.99673299710112,
              30.56349599953105
            ],
            [
              113.99693399710222,
              30.565358999531163
            ],
            [
              114.00051299712642,
              30.564973999531905
            ],
            [
              114.0031159971441,
              30.563395999532414
            ],
            [
              114.00456399715412,
              30.56066699953262
            ],
            [
              114.01133399719927,
              30.55821899953399
            ],
            [
              114.01354899721375,
              30.558620999534455
            ],
            [
              114.01591099722913,
              30.55908599953497
            ],
            [
              114.01960299725297,
              30.559962999535756
            ],
            [
              114.02197899726825,
              30.560421999536246
            ],
            [
              114.02427599728296,
              30.56074199953673
            ],
            [
              114.02666499729821,
              30.560967999537205
            ],
            [
              114.02756799730395,
              30.56101099953739
            ],
            [
              114.02887099731223,
              30.561070999537655
            ],
            [
              114.0311409973266,
              30.561096999538115
            ],
            [
              114.03334699734052,
              30.561121999538557
            ],
            [
              114.03553999735428,
              30.56117199953899
            ],
            [
              114.03775599736812,
              30.561222999539414
            ],
            [
              114.04224899739509,
              30.568738999540532
            ],
            [
              114.04039099738333,
              30.570838999540236
            ],
            [
              114.03947999737741,
              30.57292299954012
            ],
            [
              114.03855699737103,
              30.578176999540084
            ],
            [
              114.03806799736762,
              30.581046999540085
            ],
            [
              114.03728699736232,
              30.584560999540034
            ],
            [
              114.03853199736967,
              30.588000999540387
            ],
            [
              114.03881825164451,
              30.58823383151744
            ],
            [
              114.1390253489882,
              30.590477242668406
            ],
            [
              114.14018794985192,
              30.550890109716086
            ],
            [
              114.06174052124152,
              30.5491424425959
            ],
            [
              114.0608639975102,
              30.549845999543518
            ],
            [
              114.06311699752325,
              30.552653999544024
            ]
          ]
        ]
      }
    },
    {
      "type": "Feature",
      "properties": {
        "pieceId": "v2-piece-004-2f2e8739612996fc",
        "geometryHash": "2f2e8739612996fca8615ce9bc062f369d5ee4a0a51135e04c323f19a7347415",
        "areaKm2": 44.261534,
        "vertexCountAfter": 116,
        "geometryBytes": 4616,
        "compactness": 0.220175019,
        "partCount": 1
      },
      "geometry": {
        "type": "Polygon",
        "coordinates": [
          [
            [
              114.27348999854722,
              30.313602999568037
            ],
            [
              114.27352399854739,
              30.313027999568003
            ],
            [
              114.2735959985477,
              30.312454999568008
            ],
            [
              114.27370799854816,
              30.311872999568003
            ],
            [
              114.27382599854865,
              30.311392999567996
            ],
            [
              114.2743999985509,
              30.309655999568008
            ],
            [
              114.2749779985532,
              30.307906999568026
            ],
            [
              114.27601199855727,
              30.30469999956807
            ],
            [
              114.27631799855847,
              30.303883999568068
            ],
            [
              114.27649699855917,
              30.30346799956807
            ],
            [
              114.27677799856023,
              30.30289399956809
            ],
            [
              114.2777759985641,
              30.300644999568142
            ],
            [
              114.27876599856793,
              30.298414999568173
            ],
            [
              114.27965499857135,
              30.29667299956825
            ],
            [
              114.28094499857649,
              30.290839999568213
            ],
            [
              114.28093299857692,
              30.28379699956803
            ],
            [
              114.2799209985734,
              30.280766999567817
            ],
            [
              114.27868099856916,
              30.275736999567535
            ],
            [
              114.28172299858092,
              30.267485999567644
            ],
            [
              114.28173999858102,
              30.267100999567617
            ],
            [
              114.27836499856906,
              30.26014999956706
            ],
            [
              114.27635199856164,
              30.259697999566825
            ],
            [
              114.274839998556,
              30.259419999566635
            ],
            [
              114.26920999853448,
              30.265461999566174
            ],
            [
              114.26850799853175,
              30.266492999566108
            ],
            [
              114.26828599853089,
              30.267044999566103
            ],
            [
              114.26822399853052,
              30.268923999566148
            ],
            [
              114.27269599854684,
              30.276470999566875
            ],
            [
              114.272488998546,
              30.277272999566865
            ],
            [
              114.272235998545,
              30.277938999566864
            ],
            [
              114.27127799854128,
              30.27958999956681
            ],
            [
              114.27020999853715,
              30.281215999566726
            ],
            [
              114.26910999853288,
              30.282890999566643
            ],
            [
              114.26061699850037,
              30.28461899956571
            ],
            [
              114.25883199849352,
              30.284193999565495
            ],
            [
              114.25241499846886,
              30.279691999564605
            ],
            [
              114.25398899847526,
              30.276330999564692
            ],
            [
              114.25556599848166,
              30.272960999564788
            ],
            [
              114.25651299848548,
              30.270913999564836
            ],
            [
              114.2574589984893,
              30.26886799956489
            ],
            [
              114.25840599849312,
              30.26682099956494
            ],
            [
              114.2594229984972,
              30.26459799956499
            ],
            [
              114.26017499850026,
              30.262387999565032
            ],
            [
              114.26086599850306,
              30.260337999565053
            ],
            [
              114.26138899850523,
              30.25820999956505
            ],
            [
              114.26194499850752,
              30.25591199956506
            ],
            [
              114.26224499850882,
              30.253857999565028
            ],
            [
              114.26255899851017,
              30.251670999565015
            ],
            [
              114.2627089985109,
              30.24956999956497
            ],
            [
              114.26286299851165,
              30.247293999564928
            ],
            [
              114.26280099851158,
              30.244917999564844
            ],
            [
              114.26273899851151,
              30.242541999564775
            ],
            [
              114.26267799851145,
              30.24016699956469
            ],
            [
              114.26261599851136,
              30.23781499956462
            ],
            [
              114.26258799851142,
              30.235611999564547
            ],
            [
              114.26255899851147,
              30.233409999564493
            ],
            [
              114.25895899849766,
              30.233455999564065
            ],
            [
              114.25898799849762,
              30.235658999564137
            ],
            [
              114.25901699849756,
              30.23786099956419
            ],
            [
              114.25907899849763,
              30.240259999564277
            ],
            [
              114.25913999849769,
              30.242635999564357
            ],
            [
              114.25920199849776,
              30.24501099956443
            ],
            [
              114.25911799849713,
              30.24931399956453
            ],
            [
              114.25868299849516,
              30.253336999564592
            ],
            [
              114.25789299849181,
              30.25735099956462
            ],
            [
              114.25513799848055,
              30.26530899956452
            ],
            [
              114.25419199847673,
              30.267355999564465
            ],
            [
              114.25324499847288,
              30.26940299956441
            ],
            [
              114.252297998469,
              30.27144999956435
            ],
            [
              114.25072799846261,
              30.274803999564252
            ],
            [
              114.24915499845616,
              30.27816599956417
            ],
            [
              114.24822199845232,
              30.280178999564107
            ],
            [
              114.24734599844871,
              30.282087999564066
            ],
            [
              114.24631299844447,
              30.284338999563996
            ],
            [
              114.24518499843978,
              30.286985999563935
            ],
            [
              114.24401499843485,
              30.290312999563884
            ],
            [
              114.24337699843213,
              30.292781999563882
            ],
            [
              114.24020799841887,
              30.299820999563693
            ],
            [
              114.24145899842352,
              30.305013999563993
            ],
            [
              114.24114899842206,
              30.307788999564043
            ],
            [
              114.23418199839347,
              30.31255999956329
            ],
            [
              114.22946799837443,
              30.3085599995626
            ],
            [
              114.22872899837148,
              30.307350999562477
            ],
            [
              114.22785499836793,
              30.306642999562342
            ],
            [
              114.2255869983583,
              30.30943799956212
            ],
            [
              114.22303999834733,
              30.313576999561903
            ],
            [
              114.22111099833901,
              30.31661699956177
            ],
            [
              114.22297199834672,
              30.317797999562035
            ],
            [
              114.22443999835284,
              30.31803799956223
            ],
            [
              114.22540599835688,
              30.317966999562355
            ],
            [
              114.22841399836952,
              30.315988999562677
            ],
            [
              114.231442998382,
              30.315966999563067
            ],
            [
              114.23373799839075,
              30.324302999563585
            ],
            [
              114.23208099838385,
              30.325652999563413
            ],
            [
              114.23192399838321,
              30.32576699956339
            ],
            [
              114.22942099837279,
              30.327466999563132
            ],
            [
              114.22839899836848,
              30.328378999563036
            ],
            [
              114.22753899836485,
              30.32930599956294
            ],
            [
              114.22278599834485,
              30.33180399956241
            ],
            [
              114.21963099833157,
              30.332097999562016
            ],
            [
              114.21320899830383,
              30.337878999561337
            ],
            [
              114.21068099829291,
              30.338469999561028
            ],
            [
              114.2087159982844,
              30.33900499956079
            ],
            [
              114.2059529982724,
              30.339454999560424
            ],
            [
              114.2034069982613,
              30.33965799956008
            ],
            [
              114.20092299825039,
              30.339825999559753
            ],
            [
              114.19841799823935,
              30.339995999559434
            ],
            [
              114.19731303950981,
              30.340003415091292
            ],
            [
              114.19705512795635,
              30.34904767843864
            ],
            [
              114.28880684804125,
              30.350983983603992
            ],
            [
              114.2897738510929,
              30.315904140207493
            ],
            [
              114.28651499859511,
              30.316998999569584
            ],
            [
              114.28628299859427,
              30.317056999569576
            ],
            [
              114.28421299858667,
              30.31761199956934
            ],
            [
              114.28107099857509,
              30.318260999569006
            ],
            [
              114.27348999854722,
              30.313602999568037
            ]
          ]
        ]
      }
    },
    {
      "type": "Feature",
      "properties": {
        "pieceId": "v2-piece-005-30eee3090f355acd",
        "geometryHash": "30eee3090f355acdeed99bf092c249420c6ee0c000057aa36242e2926bc3b836",
        "areaKm2": 44.261534,
        "vertexCountAfter": 122,
        "geometryBytes": 4854,
        "compactness": 0.277272393,
        "partCount": 1
      },
      "geometry": {
        "type": "Polygon",
        "coordinates": [
          [
            [
              114.29295699858483,
              30.827779999586067
            ],
            [
              114.29651799859784,
              30.828304999586482
            ],
            [
              114.30289999862065,
              30.832727999587323
            ],
            [
              114.30239499861865,
              30.835757999587358
            ],
            [
              114.30228799861817,
              30.8373239995874
            ],
            [
              114.30239499861848,
              30.83844799958744
            ],
            [
              114.30260099861913,
              30.839856999587496
            ],
            [
              114.30313999862095,
              30.841656999587645
            ],
            [
              114.3036859986228,
              30.843484999587755
            ],
            [
              114.30441199862527,
              30.8456219995879
            ],
            [
              114.30534699862851,
              30.847211999588062
            ],
            [
              114.30733299863537,
              30.850915999588395
            ],
            [
              114.3106659986473,
              30.849553999588693
            ],
            [
              114.31030199864607,
              30.848663999588634
            ],
            [
              114.30940999864299,
              30.84702099958848
            ],
            [
              114.30844999863969,
              30.84538699958832
            ],
            [
              114.30711799863515,
              30.842395999588092
            ],
            [
              114.30658899863337,
              30.840624999587966
            ],
            [
              114.30596499863131,
              30.837985999587822
            ],
            [
              114.30598099863148,
              30.836069999587746
            ],
            [
              114.30644999863334,
              30.83332599958771
            ],
            [
              114.30693599863525,
              30.83043799958766
            ],
            [
              114.31483199866337,
              30.826868999588395
            ],
            [
              114.31727099867176,
              30.829042999588708
            ],
            [
              114.31771499867327,
              30.82988499958878
            ],
            [
              114.31821799867495,
              30.83046799958886
            ],
            [
              114.32335399869237,
              30.83596099958958
            ],
            [
              114.32468299869674,
              30.838940999589806
            ],
            [
              114.32573199870022,
              30.84113299958998
            ],
            [
              114.32677099870362,
              30.84330099959017
            ],
            [
              114.3277649987069,
              30.84545599959033
            ],
            [
              114.32848399870913,
              30.848914999590516
            ],
            [
              114.33089599871712,
              30.85190199959087
            ],
            [
              114.33149599871909,
              30.852999999590963
            ],
            [
              114.33311499872441,
              30.855642999591215
            ],
            [
              114.33389299872694,
              30.856786999591343
            ],
            [
              114.33601399873359,
              30.864560999591795
            ],
            [
              114.3390759987437,
              30.866452999592173
            ],
            [
              114.34508099876332,
              30.86948099959286
            ],
            [
              114.34685599876903,
              30.871286999593092
            ],
            [
              114.34873699877505,
              30.873296999593343
            ],
            [
              114.35000799877909,
              30.87471799959351
            ],
            [
              114.35275399878779,
              30.878056999593884
            ],
            [
              114.35357699879037,
              30.878969999593995
            ],
            [
              114.35480799879426,
              30.880384999594163
            ],
            [
              114.35510299879518,
              30.880648999594204
            ],
            [
              114.35549499879643,
              30.88099899959425
            ],
            [
              114.35738799880248,
              30.880742999594414
            ],
            [
              114.35756899880307,
              30.88060699959443
            ],
            [
              114.35789399880423,
              30.878314999594387
            ],
            [
              114.35654199880008,
              30.87546799959416
            ],
            [
              114.35587199879798,
              30.87479899959408
            ],
            [
              114.35574399879756,
              30.87468799959406
            ],
            [
              114.35280199878824,
              30.87244799959369
            ],
            [
              114.35142399878387,
              30.870899999593522
            ],
            [
              114.34948499877773,
              30.868826999593264
            ],
            [
              114.34764899877186,
              30.866957999593023
            ],
            [
              114.35164199878523,
              30.859749999593173
            ],
            [
              114.35199999878654,
              30.856938999593115
            ],
            [
              114.3516009987853,
              30.856149999593043
            ],
            [
              114.3504279987815,
              30.85608399959293
            ],
            [
              114.35035699878128,
              30.85608799959292
            ],
            [
              114.34941499877823,
              30.85616299959284
            ],
            [
              114.34872599877598,
              30.856245999592765
            ],
            [
              114.34759199877229,
              30.856438999592676
            ],
            [
              114.34694099877015,
              30.85657999959262
            ],
            [
              114.34643299876848,
              30.856719999592567
            ],
            [
              114.34563399876586,
              30.857011999592494
            ],
            [
              114.34489199876342,
              30.857247999592428
            ],
            [
              114.33682299873686,
              30.85469599959154
            ],
            [
              114.3360929987345,
              30.85362099959144
            ],
            [
              114.33456799872954,
              30.8511219995912
            ],
            [
              114.33589299873438,
              30.844509999591107
            ],
            [
              114.33718899873881,
              30.84229499959117
            ],
            [
              114.3452209987654,
              30.841343999591942
            ],
            [
              114.34699599877115,
              30.842143999592125
            ],
            [
              114.34877999877692,
              30.84290099959232
            ],
            [
              114.35065399878295,
              30.843651999592534
            ],
            [
              114.35176099878649,
              30.844068999592658
            ],
            [
              114.35489399879648,
              30.845193999592997
            ],
            [
              114.35611099880057,
              30.841805999593003
            ],
            [
              114.35297799879059,
              30.84068099959266
            ],
            [
              114.35192299878723,
              30.84028299959255
            ],
            [
              114.35011899878145,
              30.839559999592346
            ],
            [
              114.34840399877592,
              30.83883099959215
            ],
            [
              114.34670199877043,
              30.838061999591957
            ],
            [
              114.34482799876436,
              30.837143999591756
            ],
            [
              114.34219699875617,
              30.829222999591227
            ],
            [
              114.3427959987583,
              30.826420999591203
            ],
            [
              114.34337599876037,
              30.823704999591175
            ],
            [
              114.34395499876243,
              30.820989999591134
            ],
            [
              114.34453399876448,
              30.8182739995911
            ],
            [
              114.34512399876657,
              30.815449999591067
            ],
            [
              114.34571199876866,
              30.81263399959104
            ],
            [
              114.34826199877728,
              30.80699099959109
            ],
            [
              114.35021399878373,
              30.804477999591192
            ],
            [
              114.35224799879045,
              30.80184799959131
            ],
            [
              114.35262199879166,
              30.801326999591335
            ],
            [
              114.3529619987928,
              30.80079299959133
            ],
            [
              114.35323599879369,
              30.80031599959136
            ],
            [
              114.35413099879666,
              30.798344999591375
            ],
            [
              114.35795999880932,
              30.790469999591476
            ],
            [
              114.3586319988115,
              30.789409999591502
            ],
            [
              114.35901399881276,
              30.78870999959151
            ],
            [
              114.35934699881385,
              30.787991999591526
            ],
            [
              114.35950699881437,
              30.787598999591523
            ],
            [
              114.3597549988152,
              30.786882999591523
            ],
            [
              114.3598749988156,
              30.78647699959152
            ],
            [
              114.3600499988162,
              30.785741999591504
            ],
            [
              114.36018499881666,
              30.784983999591503
            ],
            [
              114.36041399881749,
              30.78309299959146
            ],
            [
              114.36057699881806,
              30.782010999591453
            ],
            [
              114.36072999881858,
              30.781277999591428
            ],
            [
              114.36076177180088,
              30.781161222298792
            ],
            [
              114.27685789920294,
              30.779425099899235
            ],
            [
              114.27585992130489,
              30.814794966409355
            ],
            [
              114.2811579985417,
              30.815467999584335
            ],
            [
              114.28356599855069,
              30.816571999584642
            ],
            [
              114.28659499856194,
              30.817802999585034
            ],
            [
              114.28939399857227,
              30.818772999585377
            ],
            [
              114.29338899858661,
              30.824840999586016
            ],
            [
              114.29295699858483,
              30.827779999586067
            ]
          ]
        ]
      }
    },
    {
      "type": "Feature",
      "properties": {
        "pieceId": "v2-piece-006-3450ef6c6736384e",
        "geometryHash": "3450ef6c6736384ed3b9746cfd3af7b9f2b70f8f986edd96ace46f3ca77efdd9",
        "areaKm2": 44.261534,
        "vertexCountAfter": 25,
        "geometryBytes": 1024,
        "compactness": 0.357456833,
        "partCount": 1
      },
      "geometry": {
        "type": "Polygon",
        "coordinates": [
          [
            [
              114.46019999911347,
              30.431963999588646
            ],
            [
              114.46193818222001,
              30.43052642652532
            ],
            [
              114.4622647647123,
              30.417917132355626
            ],
            [
              114.45962099911274,
              30.41516099958811
            ],
            [
              114.45784299910841,
              30.414009999587936
            ],
            [
              114.45706899910653,
              30.413428999587875
            ],
            [
              114.45722799910727,
              30.404883999587614
            ],
            [
              114.45849399911046,
              30.404063999587677
            ],
            [
              114.45653599910572,
              30.40104299958745
            ],
            [
              114.45527099910255,
              30.401861999587393
            ],
            [
              114.45473699910121,
              30.40224999958736
            ],
            [
              114.45413599909969,
              30.402725999587336
            ],
            [
              114.45368399909853,
              30.40312899958731
            ],
            [
              114.45328399909754,
              30.403520999587293
            ],
            [
              114.45229299909501,
              30.404589999587245
            ],
            [
              114.44367199907319,
              30.40451299958661
            ],
            [
              114.44281999907105,
              30.403685999586514
            ],
            [
              114.44000399906392,
              30.40136499958625
            ],
            [
              114.43718799905675,
              30.39904499958595
            ],
            [
              114.43433199904942,
              30.39641799958565
            ],
            [
              114.43422223950736,
              30.39632814267453
            ],
            [
              114.43019039019269,
              30.549881362280466
            ],
            [
              114.45882194373064,
              30.550443527137517
            ],
            [
              114.46174401338907,
              30.43801946359206
            ],
            [
              114.46019999911347,
              30.431963999588646
            ]
          ]
        ]
      }
    },
    {
      "type": "Feature",
      "properties": {
        "pieceId": "v2-piece-007-34f5a73d000034ed",
        "geometryHash": "34f5a73d000034ed4c3ddf4e916150f7b48bf5887c10406cef2eef27033995b1",
        "areaKm2": 44.261534,
        "vertexCountAfter": 183,
        "geometryBytes": 7278,
        "compactness": 0.12850861,
        "partCount": 5
      },
      "geometry": {
        "type": "MultiPolygon",
        "coordinates": [
          [
            [
              [
                114.53221199926729,
                30.69338399960161
              ],
              [
                114.53581699927486,
                30.691933999601783
              ],
              [
                114.54411499929198,
                30.690487999602208
              ],
              [
                114.54498099929376,
                30.69056399960227
              ],
              [
                114.54559399929497,
                30.690591999602322
              ],
              [
                114.54894699930175,
                30.690625999602506
              ],
              [
                114.55230699930848,
                30.69065999960272
              ],
              [
                114.55335599931058,
                30.69066599960276
              ],
              [
                114.55337799931074,
                30.687065999602655
              ],
              [
                114.55232899930864,
                30.687059999602585
              ],
              [
                114.54898299930196,
                30.6870259996024
              ],
              [
                114.54765099929926,
                30.68690599960232
              ],
              [
                114.545545999295,
                30.686886999602194
              ],
              [
                114.5446549992932,
                30.686823999602137
              ],
              [
                114.54267099928916,
                30.686643999602015
              ],
              [
                114.54151899928681,
                30.68655399960194
              ],
              [
                114.54086799928548,
                30.6865569996019
              ],
              [
                114.54027899928425,
                30.686599999601874
              ],
              [
                114.53971599928309,
                30.68667699960184
              ],
              [
                114.53904599928173,
                30.68682999960181
              ],
              [
                114.53819199927993,
                30.687101999601754
              ],
              [
                114.53447299927218,
                30.688593999601597
              ],
              [
                114.53086799926456,
                30.69004399960142
              ],
              [
                114.52929199926123,
                30.690588999601335
              ],
              [
                114.52788699925824,
                30.691031999601268
              ],
              [
                114.52489699925185,
                30.691943999601122
              ],
              [
                114.51655899923396,
                30.689724999600504
              ],
              [
                114.5141679992287,
                30.690758999600405
              ],
              [
                114.5117769992234,
                30.691793999600286
              ],
              [
                114.50995299921935,
                30.692552999600203
              ],
              [
                114.50985799921914,
                30.692608999600196
              ],
              [
                114.5096729579257,
                30.692957632568053
              ],
              [
                114.5322008575187,
                30.69338788010441
              ],
              [
                114.53221199926729,
                30.69338399960161
              ]
            ]
          ],
          [
            [
              [
                114.41621899898726,
                30.686722999593208
              ],
              [
                114.4176979989913,
                30.687219999593353
              ],
              [
                114.41884499899463,
                30.68380699959332
              ],
              [
                114.41382199898109,
                30.6767249995927
              ],
              [
                114.41235182784656,
                30.675277827068637
              ],
              [
                114.4120816921298,
                30.685402211816072
              ],
              [
                114.41312699897874,
                30.68572399959292
              ],
              [
                114.41621899898726,
                30.686722999593208
              ]
            ]
          ],
          [
            [
              [
                114.41871299899535,
                30.66074699959258
              ],
              [
                114.41958199899766,
                30.662434999592683
              ],
              [
                114.42044999899996,
                30.664121999592815
              ],
              [
                114.42934299902404,
                30.6629729995935
              ],
              [
                114.43128599902921,
                30.663572999593658
              ],
              [
                114.43519299903953,
                30.664487999593995
              ],
              [
                114.43741499904534,
                30.665221999594202
              ],
              [
                114.44136899905561,
                30.666322999594534
              ],
              [
                114.44235799905817,
                30.666656999594633
              ],
              [
                114.44316999906027,
                30.666865999594677
              ],
              [
                114.44902799907527,
                30.668822999595196
              ],
              [
                114.45142999908138,
                30.668791999595385
              ],
              [
                114.45223799908342,
                30.668884999595434
              ],
              [
                114.4573269990962,
                30.670669999595876
              ],
              [
                114.45787299909755,
                30.67098999959592
              ],
              [
                114.45856099909926,
                30.671198999595976
              ],
              [
                114.45964599910194,
                30.67151599959607
              ],
              [
                114.46163799910687,
                30.672083999596232
              ],
              [
                114.46498199911485,
                30.679223999596697
              ],
              [
                114.46351299911107,
                30.682443999596714
              ],
              [
                114.4620429991073,
                30.685663999596702
              ],
              [
                114.46531799911534,
                30.687158999596985
              ],
              [
                114.46678699911907,
                30.68393899959697
              ],
              [
                114.4682569991228,
                30.680718999596973
              ],
              [
                114.46989799912697,
                30.677124999596984
              ],
              [
                114.47153799913107,
                30.67353199959699
              ],
              [
                114.47962099915063,
                30.669804999597435
              ],
              [
                114.48337999915951,
                30.670224999597703
              ],
              [
                114.48522199916385,
                30.67008999959783
              ],
              [
                114.48684299916766,
                30.66995699959793
              ],
              [
                114.49072899917668,
                30.670149999598216
              ],
              [
                114.49503799918661,
                30.670314999598506
              ],
              [
                114.4976959991927,
                30.66981399959865
              ],
              [
                114.50035299919875,
                30.669312999598823
              ],
              [
                114.50481299920907,
                30.661873999598875
              ],
              [
                114.50816199921654,
                30.66125099959905
              ],
              [
                114.51151099922397,
                30.660626999599256
              ],
              [
                114.51487799923137,
                30.659999999599467
              ],
              [
                114.51863099923952,
                30.6601419995997
              ],
              [
                114.52220499924725,
                30.659710999599902
              ],
              [
                114.52426999925171,
                30.65815299959998
              ],
              [
                114.52509799925355,
                30.656486999599977
              ],
              [
                114.52745399925873,
                30.651421999599965
              ],
              [
                114.52582099925546,
                30.645147999599665
              ],
              [
                114.52258499924864,
                30.643569999599407
              ],
              [
                114.52114499924545,
                30.646522999599416
              ],
              [
                114.51467899923125,
                30.65146699959916
              ],
              [
                114.51086799922288,
                30.651512999598943
              ],
              [
                114.50703599921441,
                30.65155899959869
              ],
              [
                114.50320499920583,
                30.65160499959843
              ],
              [
                114.4993739991972,
                30.651651999598183
              ],
              [
                114.49554299918847,
                30.651697999597946
              ],
              [
                114.49040099917691,
                30.64523099959738
              ],
              [
                114.49027699917663,
                30.64504599959738
              ],
              [
                114.4889369991736,
                30.643196999597237
              ],
              [
                114.48750899917026,
                30.64337599959713
              ],
              [
                114.48309799916022,
                30.635929999596588
              ],
              [
                114.48377599916186,
                30.634893999596603
              ],
              [
                114.48418399916284,
                30.63439799959661
              ],
              [
                114.48508099916496,
                30.633415999596647
              ],
              [
                114.48547699916593,
                30.633054999596652
              ],
              [
                114.48602999916723,
                30.632565999596682
              ],
              [
                114.48658299916855,
                30.632146999596706
              ],
              [
                114.49012599917688,
                30.629580999596858
              ],
              [
                114.49157131163132,
                30.628533853524917
              ],
              [
                114.41363790841174,
                30.62700626610473
              ],
              [
                114.41286020608337,
                30.656210412891774
              ],
              [
                114.41537999898641,
                30.65606999959215
              ],
              [
                114.41871299899535,
                30.66074699959258
              ]
            ]
          ],
          [
            [
              [
                114.50424199920862,
                30.639490999598113
              ],
              [
                114.50503699921033,
                30.64170999959825
              ],
              [
                114.50867999921842,
                30.64198899959847
              ],
              [
                114.51014499922165,
                30.642096999598582
              ],
              [
                114.51184699922545,
                30.64027799959864
              ],
              [
                114.51145999922463,
                30.639505999598597
              ],
              [
                114.511158999224,
                30.63890699959855
              ],
              [
                114.51015699922188,
                30.636546999598412
              ],
              [
                114.50910799921964,
                30.634083999598264
              ],
              [
                114.5077679992168,
                30.63098899959808
              ],
              [
                114.50692599921501,
                30.628986999597952
              ],
              [
                114.50685911631454,
                30.62882802765913
              ],
              [
                114.50130256949078,
                30.628721314440142
              ],
              [
                114.50360799920755,
                30.630382999597778
              ],
              [
                114.50344599920693,
                30.63727199959799
              ],
              [
                114.50424199920862,
                30.639490999598113
              ]
            ]
          ],
          [
            [
              [
                114.53892999928335,
                30.63168099960003
              ],
              [
                114.54083099928722,
                30.632514999600172
              ],
              [
                114.54339499929243,
                30.633587999600362
              ],
              [
                114.54593399929755,
                30.634650999600538
              ],
              [
                114.54774699930118,
                30.635441999600662
              ],
              [
                114.5514809993086,
                30.637024999600936
              ],
              [
                114.55521499931598,
                30.638608999601196
              ],
              [
                114.55894899932326,
                30.64019299960147
              ],
              [
                114.56453599933407,
                30.64262399960184
              ],
              [
                114.57014999934462,
                30.649581999602383
              ],
              [
                114.570355999345,
                30.649944999602408
              ],
              [
                114.57256799934905,
                30.655341999602697
              ],
              [
                114.57277799934943,
                30.655504999602723
              ],
              [
                114.57313199935008,
                30.655724999602747
              ],
              [
                114.57354899935088,
                30.65589799960277
              ],
              [
                114.57987999936257,
                30.662261999603317
              ],
              [
                114.5805109993637,
                30.664106999603415
              ],
              [
                114.5813669993652,
                30.666697999603535
              ],
              [
                114.58174699936586,
                30.6678629996036
              ],
              [
                114.58213299936654,
                30.66921599960366
              ],
              [
                114.5824469993671,
                30.67052699960372
              ],
              [
                114.58276999936763,
                30.6721489996038
              ],
              [
                114.58295499936794,
                30.673332999603844
              ],
              [
                114.58310499936817,
                30.674781999603905
              ],
              [
                114.58668599937477,
                30.67441099960407
              ],
              [
                114.58653599937453,
                30.672961999604002
              ],
              [
                114.58632799937419,
                30.671599999603966
              ],
              [
                114.58597899937361,
                30.669827999603896
              ],
              [
                114.58563499937303,
                30.66837999960381
              ],
              [
                114.5852089993723,
                30.666877999603756
              ],
              [
                114.58479099937155,
                30.665585999603692
              ],
              [
                114.58392899937004,
                30.66297799960357
              ],
              [
                114.58328599936891,
                30.66109699960347
              ],
              [
                114.58264899936779,
                30.65923499960337
              ],
              [
                114.58089199936478,
                30.651720999603036
              ],
              [
                114.57930799936192,
                30.648487999602853
              ],
              [
                114.57362099935138,
                30.644407999602407
              ],
              [
                114.57264299934954,
                30.64357599960233
              ],
              [
                114.57191799934819,
                30.642999999602267
              ],
              [
                114.57031599934518,
                30.64168499960213
              ],
              [
                114.56944799934352,
                30.64121399960208
              ],
              [
                114.56869699934212,
                30.640785999602016
              ],
              [
                114.56802499934085,
                30.640394999601973
              ],
              [
                114.56728399933945,
                30.639987999601914
              ],
              [
                114.56617699933732,
                30.639419999601838
              ],
              [
                114.56035499932612,
                30.63687899960142
              ],
              [
                114.55662099931887,
                30.63529499960117
              ],
              [
                114.55288699931151,
                30.63371099960091
              ],
              [
                114.54915299930411,
                30.63212699960064
              ],
              [
                114.54737399930056,
                30.63135099960051
              ],
              [
                114.54478499929536,
                30.63026699960034
              ],
              [
                114.54299074797238,
                30.629516136842238
              ],
              [
                114.53466409422258,
                30.629358450857637
              ],
              [
                114.53612999927762,
                30.63024999959981
              ],
              [
                114.53803199928151,
                30.631261999599957
              ],
              [
                114.53892999928335,
                30.63168099960003
              ]
            ]
          ]
        ]
      }
    },
    {
      "type": "Feature",
      "properties": {
        "pieceId": "v2-piece-008-3da5959e6ef880c9",
        "geometryHash": "3da5959e6ef880c9a90ec0aeb8a10b27df5fd9c45f869904ae243ebb892039ec",
        "areaKm2": 44.261534,
        "vertexCountAfter": 5,
        "geometryBytes": 231,
        "compactness": 0.699127599,
        "partCount": 1
      },
      "geometry": {
        "type": "Polygon",
        "coordinates": [
          [
            [
              114.37721807156571,
              30.69488051570412
            ],
            [
              114.27929278485925,
              30.692864703598204
            ],
            [
              114.27809880346794,
              30.73535783030826
            ],
            [
              114.37606694218702,
              30.7373770323793
            ],
            [
              114.37721807156571,
              30.69488051570412
            ]
          ]
        ]
      }
    },
    {
      "type": "Feature",
      "properties": {
        "pieceId": "v2-piece-009-3e0bfaaae16dda0d",
        "geometryHash": "3e0bfaaae16dda0de6a28f80fcdf63d042a3b3922d4afb46e032b8f0637d7796",
        "areaKm2": 44.261534,
        "vertexCountAfter": 66,
        "geometryBytes": 2642,
        "compactness": 0.341524135,
        "partCount": 1
      },
      "geometry": {
        "type": "Polygon",
        "coordinates": [
          [
            [
              114.14195099793712,
              30.728800999562917
            ],
            [
              114.14447199794967,
              30.730645999563347
            ],
            [
              114.14889499797155,
              30.73405999956415
            ],
            [
              114.15052099797956,
              30.735222999564435
            ],
            [
              114.15249899798926,
              30.736637999564778
            ],
            [
              114.1577039980145,
              30.741274999565725
            ],
            [
              114.15921699802176,
              30.742898999566002
            ],
            [
              114.16095099803006,
              30.744752999566316
            ],
            [
              114.16268299803832,
              30.746604999566635
            ],
            [
              114.16368899804309,
              30.747841999566834
            ],
            [
              114.1647969980483,
              30.74933599956704
            ],
            [
              114.16668699805716,
              30.752383999567428
            ],
            [
              114.16865999806636,
              30.755553999567812
            ],
            [
              114.17035499807422,
              30.758391999568143
            ],
            [
              114.17206799808213,
              30.761256999568484
            ],
            [
              114.16917699806763,
              30.76916199956833
            ],
            [
              114.16604099805235,
              30.771280999567924
            ],
            [
              114.16288399803686,
              30.773415999567526
            ],
            [
              114.16063799802576,
              30.774979999567233
            ],
            [
              114.158269998014,
              30.776733999566943
            ],
            [
              114.15592199800228,
              30.778676999566635
            ],
            [
              114.15427899799404,
              30.78008999956643
            ],
            [
              114.15277799798646,
              30.78147799956626
            ],
            [
              114.1505389979751,
              30.783740999565996
            ],
            [
              114.14952199796991,
              30.78496599956588
            ],
            [
              114.14862799796533,
              30.78600799956576
            ],
            [
              114.14743899795924,
              30.787490999565634
            ],
            [
              114.14643899795408,
              30.788811999565514
            ],
            [
              114.14535699794848,
              30.790359999565407
            ],
            [
              114.14466599794488,
              30.79148499956532
            ],
            [
              114.143921997941,
              30.792642999565267
            ],
            [
              114.14314399793695,
              30.793977999565158
            ],
            [
              114.14179799792986,
              30.796574999565053
            ],
            [
              114.1412209979268,
              30.797829999564996
            ],
            [
              114.1404719979228,
              30.799721999564937
            ],
            [
              114.13971599791876,
              30.801628999564876
            ],
            [
              114.13895799791469,
              30.803595999564816
            ],
            [
              114.1381999979106,
              30.805561999564766
            ],
            [
              114.14155999792764,
              30.806856999565326
            ],
            [
              114.1423169979317,
              30.804889999565393
            ],
            [
              114.14307499793573,
              30.802923999565444
            ],
            [
              114.14381899793968,
              30.8010479995655
            ],
            [
              114.14769199795995,
              30.793434999565868
            ],
            [
              114.15030799797339,
              30.789665999566143
            ],
            [
              114.15143599797915,
              30.788260999566262
            ],
            [
              114.15225199798331,
              30.787312999566375
            ],
            [
              114.15533199799887,
              30.784013999566714
            ],
            [
              114.15672099800585,
              30.782734999566898
            ],
            [
              114.15826799801359,
              30.78140799956709
            ],
            [
              114.16056499802501,
              30.77950699956737
            ],
            [
              114.16277799803593,
              30.77787599956765
            ],
            [
              114.16494199804656,
              30.776369999567926
            ],
            [
              114.1680569980618,
              30.77426399956832
            ],
            [
              114.171192998077,
              30.772143999568716
            ],
            [
              114.17972699811735,
              30.77255399956997
            ],
            [
              114.1820709981283,
              30.772596999570297
            ],
            [
              114.18219899812891,
              30.772513999570307
            ],
            [
              114.18248599813046,
              30.77004199957028
            ],
            [
              114.18348899813572,
              30.763223999570208
            ],
            [
              114.18504599814308,
              30.761743999570378
            ],
            [
              114.18515938883915,
              30.761792373775613
            ],
            [
              114.1878158261019,
              30.670361666224952
            ],
            [
              114.13670521037952,
              30.669244580569096
            ],
            [
              114.1350371102757,
              30.72568370979451
            ],
            [
              114.13609499790755,
              30.725753999561892
            ],
            [
              114.14195099793712,
              30.728800999562917
            ]
          ]
        ]
      }
    },
    {
      "type": "Feature",
      "properties": {
        "pieceId": "v2-piece-010-41d5eaf243a6eb88",
        "geometryHash": "41d5eaf243a6eb8826e022278ed903e92fc8aeb2c8f93347e044c7b680730ca8",
        "areaKm2": 44.261534,
        "vertexCountAfter": 21,
        "geometryBytes": 860,
        "compactness": 0.416950079,
        "partCount": 1
      },
      "geometry": {
        "type": "Polygon",
        "coordinates": [
          [
            [
              114.10368099774239,
              30.659936999554514
            ],
            [
              114.10483999774831,
              30.663782999554822
            ],
            [
              114.10599799775423,
              30.66762999955513
            ],
            [
              114.10715699776014,
              30.671476999555463
            ],
            [
              114.10285699773591,
              30.67855499955493
            ],
            [
              114.1027942965911,
              30.678556461640284
            ],
            [
              114.10181812802243,
              30.711204658001517
            ],
            [
              114.1031679977343,
              30.710042999555974
            ],
            [
              114.10569499774837,
              30.70786899955634
            ],
            [
              114.1119129977823,
              30.706214999557336
            ],
            [
              114.1142539977948,
              30.70687899955775
            ],
            [
              114.11833499781598,
              30.71329499955862
            ],
            [
              114.11820899781493,
              30.71689299955872
            ],
            [
              114.12131799783118,
              30.7193729995593
            ],
            [
              114.12488799785005,
              30.718908999559883
            ],
            [
              114.13094899788102,
              30.725411999561057
            ],
            [
              114.1350371102757,
              30.72568370979451
            ],
            [
              114.1390253489882,
              30.590477242668406
            ],
            [
              114.10544196943418,
              30.589733994305583
            ],
            [
              114.10338012685443,
              30.65893750035973
            ],
            [
              114.10368099774239,
              30.659936999554514
            ]
          ]
        ]
      }
    },
    {
      "type": "Feature",
      "properties": {
        "pieceId": "v2-piece-011-5b52fc9c693729d5",
        "geometryHash": "5b52fc9c693729d565dfcca9566a5a757b768cb6b0d26fabd6ec37caedd8313d",
        "areaKm2": 44.261534,
        "vertexCountAfter": 200,
        "geometryBytes": 7920,
        "compactness": 0.151261452,
        "partCount": 1
      },
      "geometry": {
        "type": "Polygon",
        "coordinates": [
          [
            [
              114.41234799897283,
              30.76311099959537
            ],
            [
              114.4140449989775,
              30.76482299959557
            ],
            [
              114.41574199898214,
              30.76653399959577
            ],
            [
              114.417897998988,
              30.76868499959601
            ],
            [
              114.41882299899052,
              30.7695619995961
            ],
            [
              114.42099099899639,
              30.77136499959634
            ],
            [
              114.42334499900274,
              30.77310799959659
            ],
            [
              114.42695199901243,
              30.775384999596955
            ],
            [
              114.42710199901285,
              30.775464999596974
            ],
            [
              114.42929099901868,
              30.77677299959719
            ],
            [
              114.43086999902287,
              30.777572999597332
            ],
            [
              114.43290499902828,
              30.778536999597517
            ],
            [
              114.43524299903414,
              30.786268999597965
            ],
            [
              114.43487999903313,
              30.787334999597974
            ],
            [
              114.43470899903264,
              30.788007999597983
            ],
            [
              114.43453299903213,
              30.789170999598
            ],
            [
              114.43446699903191,
              30.789925999598022
            ],
            [
              114.43441199903172,
              30.790934999598047
            ],
            [
              114.43428499903128,
              30.79325799959812
            ],
            [
              114.4341529990308,
              30.796062999598217
            ],
            [
              114.43400299903028,
              30.79880499959828
            ],
            [
              114.43384999902976,
              30.801645999598367
            ],
            [
              114.43385499902966,
              30.803717999598437
            ],
            [
              114.43402999903002,
              30.806196999598537
            ],
            [
              114.43434899903076,
              30.808444999598628
            ],
            [
              114.43468699903158,
              30.81008699959871
            ],
            [
              114.4351819990328,
              30.812101999598813
            ],
            [
              114.43584699903448,
              30.81410099959894
            ],
            [
              114.43643599903596,
              30.81565099959903
            ],
            [
              114.4370329990375,
              30.817073999599128
            ],
            [
              114.43816999904038,
              30.819390999599296
            ],
            [
              114.44140199904896,
              30.817804999599492
            ],
            [
              114.4402639990461,
              30.81548799959932
            ],
            [
              114.43975899904481,
              30.814265999599247
            ],
            [
              114.43921299904343,
              30.812823999599157
            ],
            [
              114.4385979990419,
              30.81096799959905
            ],
            [
              114.43818599904091,
              30.80923899959896
            ],
            [
              114.43787599904014,
              30.807721999598872
            ],
            [
              114.43759499903949,
              30.80569699959879
            ],
            [
              114.43744599903918,
              30.803470999598705
            ],
            [
              114.4374509990393,
              30.801645999598644
            ],
            [
              114.43759799903981,
              30.799001999598566
            ],
            [
              114.43774799904033,
              30.796259999598494
            ],
            [
              114.4378809990408,
              30.79342699959841
            ],
            [
              114.43800599904124,
              30.791131999598345
            ],
            [
              114.43806699904145,
              30.789983999598316
            ],
            [
              114.4381169990416,
              30.789507999598285
            ],
            [
              114.44543399906094,
              30.784581999598696
            ],
            [
              114.4477549990669,
              30.7855889995989
            ],
            [
              114.44934199907095,
              30.786200999599036
            ],
            [
              114.4516009990767,
              30.78699599959924
            ],
            [
              114.45399299908274,
              30.787709999599443
            ],
            [
              114.45572799908713,
              30.788203999599578
            ],
            [
              114.4578259990924,
              30.788678999599746
            ],
            [
              114.45977199909728,
              30.789032999599904
            ],
            [
              114.4618259991024,
              30.78940399960006
            ],
            [
              114.46387899910751,
              30.789648999600242
            ],
            [
              114.46672699911454,
              30.789900999600455
            ],
            [
              114.46783099911724,
              30.789967999600524
            ],
            [
              114.46909999912035,
              30.790005999600623
            ],
            [
              114.47237699912836,
              30.79000299960084
            ],
            [
              114.47568099913636,
              30.789999999601083
            ],
            [
              114.47866299914352,
              30.7899549996013
            ],
            [
              114.48164399915065,
              30.78990899960149
            ],
            [
              114.48158899915066,
              30.786308999601367
            ],
            [
              114.47860799914353,
              30.786354999601166
            ],
            [
              114.47562599913637,
              30.786400999600954
            ],
            [
              114.4723739991285,
              30.786402999600725
            ],
            [
              114.46909699912051,
              30.786405999600504
            ],
            [
              114.46794099911766,
              30.78636999960041
            ],
            [
              114.46694699911522,
              30.78630799960034
            ],
            [
              114.46419799910844,
              30.786062999600126
            ],
            [
              114.46225399910362,
              30.785829999599976
            ],
            [
              114.46041699909905,
              30.78549199959984
            ],
            [
              114.45847099909417,
              30.785136999599683
            ],
            [
              114.4565249990893,
              30.784693999599515
            ],
            [
              114.45498399908541,
              30.78424899959939
            ],
            [
              114.45263099907947,
              30.783546999599192
            ],
            [
              114.45054099907418,
              30.782805999599017
            ],
            [
              114.44906799907041,
              30.78223699959889
            ],
            [
              114.44686899906479,
              30.781279999598688
            ],
            [
              114.44320399905537,
              30.77950899959836
            ],
            [
              114.43808999904213,
              30.77623499959786
            ],
            [
              114.43701099903932,
              30.775388999597734
            ],
            [
              114.43655699903812,
              30.775107999597694
            ],
            [
              114.43604799903679,
              30.774805999597657
            ],
            [
              114.43465799903313,
              30.774215999597523
            ],
            [
              114.4329519990286,
              30.773740999597383
            ],
            [
              114.43002399902082,
              30.772872999597105
            ],
            [
              114.42879399901753,
              30.77229199959699
            ],
            [
              114.42864399901715,
              30.772211999596973
            ],
            [
              114.42535499900833,
              30.770119999596652
            ],
            [
              114.42313499900239,
              30.76847199959643
            ],
            [
              114.42112699899697,
              30.7667959995962
            ],
            [
              114.42038399899496,
              30.76608099959612
            ],
            [
              114.41829799898932,
              30.763998999595877
            ],
            [
              114.41660099898472,
              30.762287999595685
            ],
            [
              114.41521499898117,
              30.756057999595377
            ],
            [
              114.41855899899056,
              30.753195999595555
            ],
            [
              114.42057199899611,
              30.75279599959571
            ],
            [
              114.42317499900325,
              30.752132999595887
            ],
            [
              114.42506599900842,
              30.751580999596005
            ],
            [
              114.42697499901362,
              30.750956999596152
            ],
            [
              114.42887499901879,
              30.75033599959628
            ],
            [
              114.42897399901904,
              30.750300999596288
            ],
            [
              114.43172999902646,
              30.749416999596477
            ],
            [
              114.43458499903412,
              30.748498999596677
            ],
            [
              114.4374399990417,
              30.747579999596866
            ],
            [
              114.44026599904916,
              30.746670999597058
            ],
            [
              114.44144899905228,
              30.74631099959712
            ],
            [
              114.44279999905582,
              30.74587299959722
            ],
            [
              114.44533099906242,
              30.74505299959738
            ],
            [
              114.447868999069,
              30.744229999597543
            ],
            [
              114.45122899907766,
              30.743126999597774
            ],
            [
              114.45462399908631,
              30.742011999597977
            ],
            [
              114.4561469990902,
              30.74146999959808
            ],
            [
              114.46190199910464,
              30.740458999598474
            ],
            [
              114.46247199910607,
              30.740477999598504
            ],
            [
              114.46322699910795,
              30.740412999598558
            ],
            [
              114.46962799912355,
              30.743691999599132
            ],
            [
              114.47063399912591,
              30.746248999599292
            ],
            [
              114.47398399913409,
              30.744930999599468
            ],
            [
              114.47297899913177,
              30.74237399959932
            ],
            [
              114.47153299912837,
              30.739510999599126
            ],
            [
              114.47121299912763,
              30.73874899959908
            ],
            [
              114.47088499912685,
              30.737880999599025
            ],
            [
              114.46921899912297,
              30.73328499959875
            ],
            [
              114.46815899912052,
              30.73028499959858
            ],
            [
              114.46765299911932,
              30.728904999598498
            ],
            [
              114.46659599911685,
              30.726018999598335
            ],
            [
              114.46564499911462,
              30.72342199959818
            ],
            [
              114.46429999911145,
              30.719788999597966
            ],
            [
              114.46968399912494,
              30.71351999959816
            ],
            [
              114.47171899912989,
              30.71330799959829
            ],
            [
              114.4727059991323,
              30.713164999598355
            ],
            [
              114.48095799915197,
              30.71584899959901
            ],
            [
              114.48355599915807,
              30.71698999959922
            ],
            [
              114.48631399916454,
              30.71740999959944
            ],
            [
              114.48939999917178,
              30.71712799959964
            ],
            [
              114.49248699917894,
              30.716845999599837
            ],
            [
              114.49557299918605,
              30.716563999600037
            ],
            [
              114.49872099919327,
              30.716275999600235
            ],
            [
              114.50180599920027,
              30.715883999600422
            ],
            [
              114.50592999920957,
              30.715066999600666
            ],
            [
              114.50825499921478,
              30.714435999600784
            ],
            [
              114.51071799922026,
              30.71390599960093
            ],
            [
              114.51698199923419,
              30.708752999601174
            ],
            [
              114.51934899923936,
              30.7085819996013
            ],
            [
              114.51908999923891,
              30.704991999601184
            ],
            [
              114.52108499924347,
              30.697943999601076
            ],
            [
              114.5231349992479,
              30.696752999601166
            ],
            [
              114.52413699925006,
              30.6964719996012
            ],
            [
              114.52569499925342,
              30.69568299960128
            ],
            [
              114.52897099926042,
              30.69446499960144
            ],
            [
              114.53047199926361,
              30.69398999960152
            ],
            [
              114.5322008575187,
              30.69338788010441
            ],
            [
              114.5096729579257,
              30.692957632568053
            ],
            [
              114.50859899921628,
              30.694980999600187
            ],
            [
              114.50099999919914,
              30.6979319995998
            ],
            [
              114.49967699919615,
              30.69748399959967
            ],
            [
              114.4985989991937,
              30.697173999599595
            ],
            [
              114.4977569991918,
              30.696951999599545
            ],
            [
              114.49624799918836,
              30.696716999599428
            ],
            [
              114.49450199918437,
              30.696547999599307
            ],
            [
              114.49310499918116,
              30.696582999599222
            ],
            [
              114.48864099917078,
              30.69712299959893
            ],
            [
              114.48433399916068,
              30.697650999598658
            ],
            [
              114.48185799915484,
              30.697960999598497
            ],
            [
              114.47938699914896,
              30.698269999598338
            ],
            [
              114.47691599914305,
              30.698578999598173
            ],
            [
              114.47444399913708,
              30.698886999598002
            ],
            [
              114.47060499912777,
              30.699367999597754
            ],
            [
              114.46790899912118,
              30.699593999597575
            ],
            [
              114.46589899911623,
              30.699883999597443
            ],
            [
              114.46516799911444,
              30.700056999597383
            ],
            [
              114.46262599910814,
              30.700355999597214
            ],
            [
              114.45986899910126,
              30.700693999597025
            ],
            [
              114.45711199909434,
              30.701032999596833
            ],
            [
              114.45435399908737,
              30.701371999596628
            ],
            [
              114.45195599908129,
              30.70137999959647
            ],
            [
              114.44935199907466,
              30.701401999596275
            ],
            [
              114.44649499906734,
              30.70139899959605
            ],
            [
              114.44362099905992,
              30.70139499959582
            ],
            [
              114.44066799905224,
              30.701311999595607
            ],
            [
              114.43766699904438,
              30.701226999595374
            ],
            [
              114.43341299903315,
              30.70112299959505
            ],
            [
              114.43173999902871,
              30.70102099959491
            ],
            [
              114.42852099902014,
              30.70035499959463
            ],
            [
              114.42744899901724,
              30.700086999594536
            ],
            [
              114.4264639990146,
              30.69981499959446
            ],
            [
              114.42543599901184,
              30.699518999594357
            ],
            [
              114.42373399900725,
              30.699099999594207
            ],
            [
              114.42063099899885,
              30.69802299959392
            ],
            [
              114.41824399899234,
              30.697215999593713
            ],
            [
              114.4158569989858,
              30.69640899959349
            ],
            [
              114.41346999897922,
              30.695600999593267
            ],
            [
              114.41182690327301,
              30.69494670041994
            ],
            [
              114.4100658451441,
              30.76079189934092
            ],
            [
              114.41065099896818,
              30.76139999959518
            ],
            [
              114.41234799897283,
              30.76311099959537
            ]
          ]
        ]
      }
    },
    {
      "type": "Feature",
      "properties": {
        "pieceId": "v2-piece-012-5c55fb791bae7e4f",
        "geometryHash": "5c55fb791bae7e4f90d6801f2c5753a7de1c119bbb85f8a7576224a9a7555496",
        "areaKm2": 44.261534,
        "vertexCountAfter": 5,
        "geometryBytes": 228,
        "compactness": 0.725747739,
        "partCount": 1
      },
      "geometry": {
        "type": "Polygon",
        "coordinates": [
          [
            [
              114.285053500974,
              30.48656018650955
            ],
            [
              114.19317516050627,
              30.484613413259638
            ],
            [
              114.19187597030664,
              30.5298012652003
            ],
            [
              114.28379670869973,
              30.531751534105847
            ],
            [
              114.285053500974,
              30.48656018650955
            ]
          ]
        ]
      }
    },
    {
      "type": "Feature",
      "properties": {
        "pieceId": "v2-piece-013-5d7bb8bd620261df",
        "geometryHash": "5d7bb8bd620261df3ec9062671d6cd98fd7b3c7e76541a84a12f42a75ec3e7fc",
        "areaKm2": 44.261534,
        "vertexCountAfter": 5,
        "geometryBytes": 234,
        "compactness": 0.725747739,
        "partCount": 1
      },
      "geometry": {
        "type": "Polygon",
        "coordinates": [
          [
            [
              114.28000922534406,
              30.667323411203466
            ],
            [
              114.18796071721053,
              30.665362636327067
            ],
            [
              114.18664971966128,
              30.71054903045079
            ],
            [
              114.27874101031264,
              30.71251331368124
            ],
            [
              114.28000922534406,
              30.667323411203466
            ]
          ]
        ]
      }
    },
    {
      "type": "Feature",
      "properties": {
        "pieceId": "v2-piece-014-6036d7b18afa9b9d",
        "geometryHash": "6036d7b18afa9b9dc5ef001630b6c13120471f3258bdb9a4a40203f60b42cf06",
        "areaKm2": 44.261534,
        "vertexCountAfter": 5,
        "geometryBytes": 235,
        "compactness": 0.716471952,
        "partCount": 1
      },
      "geometry": {
        "type": "Polygon",
        "coordinates": [
          [
            [
              114.19251451185502,
              30.507604624652284
            ],
            [
              114.14148901207201,
              30.506494722296647
            ],
            [
              114.13910198282329,
              30.587870245257633
            ],
            [
              114.19016995407121,
              30.58898373633317
            ],
            [
              114.19251451185502,
              30.507604624652284
            ]
          ]
        ]
      }
    },
    {
      "type": "Feature",
      "properties": {
        "pieceId": "v2-piece-015-6327ea2d41cc52c4",
        "geometryHash": "6327ea2d41cc52c4135077c70df660cd37c7572c6a1bbd0d5555939bbf7fdbe6",
        "areaKm2": 44.261534,
        "vertexCountAfter": 5,
        "geometryBytes": 235,
        "compactness": 0.725747739,
        "partCount": 1
      },
      "geometry": {
        "type": "Polygon",
        "coordinates": [
          [
            [
              114.28000922534406,
              30.667323411203466
            ],
            [
              114.28127457639617,
              30.62213314685032
            ],
            [
              114.18926875435476,
              30.620175877140262
            ],
            [
              114.18796071721053,
              30.665362636327067
            ],
            [
              114.28000922534406,
              30.667323411203466
            ]
          ]
        ]
      }
    },
    {
      "type": "Feature",
      "properties": {
        "pieceId": "v2-piece-016-6ab7745f9c832f04",
        "geometryHash": "6ab7745f9c832f04b745d2c3aaeca0d8ec9942f5aa2ad27e873a79ac1bddc884",
        "areaKm2": 44.261534,
        "vertexCountAfter": 5,
        "geometryBytes": 233,
        "compactness": 0.716471952,
        "partCount": 1
      },
      "geometry": {
        "type": "Polygon",
        "coordinates": [
          [
            [
              114.14148901207201,
              30.506494722296647
            ],
            [
              114.19251451185502,
              30.507604624652284
            ],
            [
              114.1948495326582,
              30.426224333556583
            ],
            [
              114.14386633192747,
              30.4251180140894
            ],
            [
              114.14148901207201,
              30.506494722296647
            ]
          ]
        ]
      }
    },
    {
      "type": "Feature",
      "properties": {
        "pieceId": "v2-piece-017-6ea053fb7b6b71ce",
        "geometryHash": "6ea053fb7b6b71ce70af52403046a4181f231221af234660e8c14c6df6d4d6c1",
        "areaKm2": 44.261534,
        "vertexCountAfter": 32,
        "geometryBytes": 1311,
        "compactness": 0.432021633,
        "partCount": 2
      },
      "geometry": {
        "type": "MultiPolygon",
        "coordinates": [
          [
            [
              [
                114.50250299921112,
                30.469747999592702
              ],
              [
                114.49987899920525,
                30.470141999592535
              ],
              [
                114.49745899919978,
                30.4705969995924
              ],
              [
                114.49680899919831,
                30.470704999592357
              ],
              [
                114.49503299919427,
                30.47121399959225
              ],
              [
                114.4882209991788,
                30.46807299959171
              ],
              [
                114.48971199918253,
                30.460121999591554
              ],
              [
                114.48933299918181,
                30.456541999591412
              ],
              [
                114.48571499917355,
                30.453825999591096
              ],
              [
                114.48217999916534,
                30.453141999590837
              ],
              [
                114.47796999915565,
                30.448551999590403
              ],
              [
                114.47065299913838,
                30.44440899958978
              ],
              [
                114.46942799913546,
                30.44307399958964
              ],
              [
                114.46584699912691,
                30.440819999589326
              ],
              [
                114.46459299912385,
                30.440692999589224
              ],
              [
                114.46223399911813,
                30.439940999589037
              ],
              [
                114.46174401338907,
                30.43801946359206
              ],
              [
                114.45882194373064,
                30.550443527137517
              ],
              [
                114.5016925919891,
                30.551273488549977
              ],
              [
                114.50378085264985,
                30.469614816706077
              ],
              [
                114.50250299921112,
                30.469747999592702
              ]
            ]
          ],
          [
            [
              [
                114.46938699913603,
                30.42733199958916
              ],
              [
                114.46993199913734,
                30.4273019995892
              ],
              [
                114.47176599914188,
                30.42420499958924
              ],
              [
                114.46896399913521,
                30.422544999588993
              ],
              [
                114.46744599913157,
                30.421611999588855
              ],
              [
                114.46550699912693,
                30.420449999588687
              ],
              [
                114.46359899912233,
                30.419307999588522
              ],
              [
                114.4622647647123,
                30.417917132355626
              ],
              [
                114.46193818222001,
                30.43052642652532
              ],
              [
                114.46578699912735,
                30.427342999588905
              ],
              [
                114.46938699913603,
                30.42733199958916
              ]
            ]
          ]
        ]
      }
    },
    {
      "type": "Feature",
      "properties": {
        "pieceId": "v2-piece-018-7364c3df052cf2c8",
        "geometryHash": "7364c3df052cf2c865dfbe1d8be6e8010d4af6596b40d83342707e8ff88161c8",
        "areaKm2": 44.261534,
        "vertexCountAfter": 5,
        "geometryBytes": 232,
        "compactness": 0.699127599,
        "partCount": 1
      },
      "geometry": {
        "type": "Polygon",
        "coordinates": [
          [
            [
              114.38179819026064,
              30.52489127948827
            ],
            [
              114.28404340498665,
              30.52288899831631
            ],
            [
              114.28285953657034,
              30.565383403742842
            ],
            [
              114.38065681153773,
              30.56738906332426
            ],
            [
              114.38179819026064,
              30.52489127948827
            ]
          ]
        ]
      }
    },
    {
      "type": "Feature",
      "properties": {
        "pieceId": "v2-piece-019-74721c35adf839a6",
        "geometryHash": "74721c35adf839a609ab7e21df145e16df29871910d6c4678f881fbc011a923b",
        "areaKm2": 44.261534,
        "vertexCountAfter": 5,
        "geometryBytes": 232,
        "compactness": 0.725747739,
        "partCount": 1
      },
      "geometry": {
        "type": "Polygon",
        "coordinates": [
          [
            [
              114.28253706900787,
              30.57694252101868
            ],
            [
              114.19057383681832,
              30.57498875329599
            ],
            [
              114.18926875435476,
              30.620175877140262
            ],
            [
              114.28127457639617,
              30.62213314685032
            ],
            [
              114.28253706900787,
              30.57694252101868
            ]
          ]
        ]
      }
    },
    {
      "type": "Feature",
      "properties": {
        "pieceId": "v2-piece-020-7e881cc3d29d8e9b",
        "geometryHash": "7e881cc3d29d8e9b684ffccc11e6a880701de7cc8ce9eba16952a7e11e4389d6",
        "areaKm2": 44.261534,
        "vertexCountAfter": 29,
        "geometryBytes": 1178,
        "compactness": 0.690264769,
        "partCount": 1
      },
      "geometry": {
        "type": "Polygon",
        "coordinates": [
          [
            [
              114.42970999903747,
              30.39263399958517
            ],
            [
              114.4289529990355,
              30.391958999585114
            ],
            [
              114.42680399902989,
              30.389954999584866
            ],
            [
              114.42544999902636,
              30.38871199958473
            ],
            [
              114.4241059990228,
              30.387476999584592
            ],
            [
              114.42183999901684,
              30.385453999584346
            ],
            [
              114.4160069990013,
              30.379874999583716
            ],
            [
              114.41396199899583,
              30.377542999583472
            ],
            [
              114.41285099899285,
              30.37641999958335
            ],
            [
              114.40784599897937,
              30.369869999582757
            ],
            [
              114.40477899897093,
              30.367984999582454
            ],
            [
              114.4035589989674,
              30.369969999582395
            ],
            [
              114.40196199896276,
              30.373043999582357
            ],
            [
              114.39466099894186,
              30.37686199958185
            ],
            [
              114.39375099893925,
              30.376829999581773
            ],
            [
              114.3928629989367,
              30.37685799958169
            ],
            [
              114.39091399893108,
              30.377088999581556
            ],
            [
              114.39031999892936,
              30.377209999581495
            ],
            [
              114.38908299892576,
              30.3775709995814
            ],
            [
              114.38807899892284,
              30.377930999581324
            ],
            [
              114.38730799892058,
              30.37827099958126
            ],
            [
              114.38651099891824,
              30.378659999581203
            ],
            [
              114.38593599891655,
              30.378984999581167
            ],
            [
              114.38569582577838,
              30.37907959703948
            ],
            [
              114.38342512813064,
              30.46415698589068
            ],
            [
              114.4324195259384,
              30.465131150673717
            ],
            [
              114.43422223950736,
              30.39632814267453
            ],
            [
              114.43202099904346,
              30.394525999585415
            ],
            [
              114.42970999903747,
              30.39263399958517
            ]
          ]
        ]
      }
    },
    {
      "type": "Feature",
      "properties": {
        "pieceId": "v2-piece-021-8cb3f45acfdefd75",
        "geometryHash": "8cb3f45acfdefd7561dcf66365b460f341e4ba916e2cde0d834afccb013937cd",
        "areaKm2": 44.261534,
        "vertexCountAfter": 5,
        "geometryBytes": 233,
        "compactness": 0.699127599,
        "partCount": 1
      },
      "geometry": {
        "type": "Polygon",
        "coordinates": [
          [
            [
              114.37721807156571,
              30.69488051570412
            ],
            [
              114.3783667566194,
              30.652383681754984
            ],
            [
              114.28048423109952,
              30.650371256714056
            ],
            [
              114.27929278485925,
              30.692864703598204
            ],
            [
              114.37721807156571,
              30.69488051570412
            ]
          ]
        ]
      }
    },
    {
      "type": "Feature",
      "properties": {
        "pieceId": "v2-piece-022-8d51b9aaf6cdac7a",
        "geometryHash": "8d51b9aaf6cdac7ab13972ac6f177eafb4799d2e3d6065bb2231d4fcf05eb013",
        "areaKm2": 44.261534,
        "vertexCountAfter": 5,
        "geometryBytes": 233,
        "compactness": 0.725747739,
        "partCount": 1
      },
      "geometry": {
        "type": "Polygon",
        "coordinates": [
          [
            [
              114.27874101031264,
              30.71251331368124
            ],
            [
              114.18664971966128,
              30.71054903045079
            ],
            [
              114.18533575596356,
              30.755735059106232
            ],
            [
              114.27746992574463,
              30.757702853887242
            ],
            [
              114.27874101031264,
              30.71251331368124
            ]
          ]
        ]
      }
    },
    {
      "type": "Feature",
      "properties": {
        "pieceId": "v2-piece-023-8dea6070a3bf6648",
        "geometryHash": "8dea6070a3bf6648239cfa16d3e42a6d0d051c03b58ffb347ad856b344660bb3",
        "areaKm2": 44.261534,
        "vertexCountAfter": 105,
        "geometryBytes": 4177,
        "compactness": 0.188248183,
        "partCount": 1
      },
      "geometry": {
        "type": "Polygon",
        "coordinates": [
          [
            [
              114.13613699794186,
              30.37461299955131
            ],
            [
              114.13346899792818,
              30.37649199955094
            ],
            [
              114.13080099791442,
              30.378370999550576
            ],
            [
              114.1254459978867,
              30.380530999549773
            ],
            [
              114.12478499788327,
              30.38072199954967
            ],
            [
              114.11679099784192,
              30.37758199954829
            ],
            [
              114.11600899783788,
              30.376784999548143
            ],
            [
              114.11486999783197,
              30.37574599954792
            ],
            [
              114.11355299782514,
              30.374597999547674
            ],
            [
              114.1123179978187,
              30.373569999547428
            ],
            [
              114.11129599781336,
              30.372821999547238
            ],
            [
              114.10958999780438,
              30.371622999546922
            ],
            [
              114.10819999779706,
              30.370699999546652
            ],
            [
              114.10718099779166,
              30.37008999954648
            ],
            [
              114.10284399776856,
              30.367756999545684
            ],
            [
              114.10178099776287,
              30.36726799954548
            ],
            [
              114.09603299773184,
              30.364300999544426
            ],
            [
              114.09301699771545,
              30.362379999543847
            ],
            [
              114.09108299770442,
              30.365415999543583
            ],
            [
              114.09409899772088,
              30.367336999544175
            ],
            [
              114.09573199772974,
              30.368343999544464
            ],
            [
              114.09821399774319,
              30.369657999544955
            ],
            [
              114.10037399775487,
              30.370581999545337
            ],
            [
              114.10133899776007,
              30.371026999545528
            ],
            [
              114.10541199778184,
              30.37322599954628
            ],
            [
              114.10635199778683,
              30.37378899954644
            ],
            [
              114.10759499779343,
              30.374618999546676
            ],
            [
              114.109223997802,
              30.37576599954698
            ],
            [
              114.11019099780711,
              30.376473999547155
            ],
            [
              114.1112449978126,
              30.377359999547373
            ],
            [
              114.11250399781919,
              30.378458999547597
            ],
            [
              114.11358199782478,
              30.379443999547817
            ],
            [
              114.11421599782808,
              30.380096999547938
            ],
            [
              114.11295699782052,
              30.38880099954799
            ],
            [
              114.1121859978164,
              30.38918599954787
            ],
            [
              114.11379399782459,
              30.39240699954822
            ],
            [
              114.1145649978287,
              30.392021999548348
            ],
            [
              114.11691099784117,
              30.390886999548695
            ],
            [
              114.11745899784408,
              30.390727999548783
            ],
            [
              114.12490899788293,
              30.39057199954999
            ],
            [
              114.12774799789723,
              30.39384599955054
            ],
            [
              114.1278429978977,
              30.394061999550555
            ],
            [
              114.12813999789918,
              30.394527999550615
            ],
            [
              114.1274509978949,
              30.401996999550708
            ],
            [
              114.11969999785453,
              30.403595999549506
            ],
            [
              114.11771599784434,
              30.401447999549116
            ],
            [
              114.11507199783017,
              30.40389099954875
            ],
            [
              114.11251599781632,
              30.406890999548427
            ],
            [
              114.11363399782189,
              30.41031299954872
            ],
            [
              114.12148299786276,
              30.41429599955011
            ],
            [
              114.12148599786272,
              30.414905999550125
            ],
            [
              114.12178399786418,
              30.415733999550206
            ],
            [
              114.12372899787376,
              30.42102699955066
            ],
            [
              114.12414799787565,
              30.42379299955082
            ],
            [
              114.12436299787656,
              30.42598999955091
            ],
            [
              114.1248069978785,
              30.429567999551097
            ],
            [
              114.12396999787346,
              30.436568999551163
            ],
            [
              114.12571599788171,
              30.444567999551694
            ],
            [
              114.12445099787492,
              30.446865999551544
            ],
            [
              114.1159129978302,
              30.44709899955015
            ],
            [
              114.11551399782813,
              30.446740999550077
            ],
            [
              114.1146879978238,
              30.446305999549928
            ],
            [
              114.11275999781361,
              30.445834999549604
            ],
            [
              114.1090859977941,
              30.445053999548964
            ],
            [
              114.10560199777544,
              30.444265999548357
            ],
            [
              114.10332599776316,
              30.44377799954795
            ],
            [
              114.10071599774905,
              30.443096999547492
            ],
            [
              114.0973179977306,
              30.441730999546873
            ],
            [
              114.09389199771262,
              30.43344999954603
            ],
            [
              114.09428099771488,
              30.432521999546072
            ],
            [
              114.09107499769728,
              30.43088399954548
            ],
            [
              114.08312699765247,
              30.43332999954416
            ],
            [
              114.08202999764589,
              30.43675899954406
            ],
            [
              114.07436899760167,
              30.441003999542797
            ],
            [
              114.06647599755564,
              30.443089999541428
            ],
            [
              114.06538499754922,
              30.443523999541235
            ],
            [
              114.06529799754868,
              30.443567999541212
            ],
            [
              114.05878299751016,
              30.44416899954002
            ],
            [
              114.05559899749137,
              30.44248999953938
            ],
            [
              114.05404099748169,
              30.445442999539175
            ],
            [
              114.05159799746674,
              30.447604999538758
            ],
            [
              114.0432829974163,
              30.446544999537146
            ],
            [
              114.04195699740829,
              30.445297999536862
            ],
            [
              114.04160799740616,
              30.445299999536783
            ],
            [
              114.04098099740229,
              30.44539999953666
            ],
            [
              114.03968699739414,
              30.446713999536446
            ],
            [
              114.03217099734681,
              30.451011999535087
            ],
            [
              114.03135599734169,
              30.450986999534944
            ],
            [
              114.03078499733788,
              30.45274999953486
            ],
            [
              114.0307639973377,
              30.453260999534884
            ],
            [
              114.03124799734057,
              30.45458499953502
            ],
            [
              114.03206299734568,
              30.454609999535172
            ],
            [
              114.03728399737827,
              30.454731999536204
            ],
            [
              114.03983599739341,
              30.460126999536868
            ],
            [
              114.04338899741524,
              30.460707999537576
            ],
            [
              114.04973499745343,
              30.464758999538915
            ],
            [
              114.05100016499541,
              30.465387281933168
            ],
            [
              114.05460443812802,
              30.46546878225292
            ],
            [
              114.05728099749889,
              30.46401899954033
            ],
            [
              114.06134794771044,
              30.4656209995935
            ],
            [
              114.142631503131,
              30.46742830434667
            ],
            [
              114.14558798735415,
              30.3659763608241
            ],
            [
              114.14231899797328,
              30.370441999552146
            ],
            [
              114.13946799795883,
              30.37245299955177
            ],
            [
              114.13613699794186,
              30.37461299955131
            ]
          ]
        ]
      }
    },
    {
      "type": "Feature",
      "properties": {
        "pieceId": "v2-piece-024-92354a551785c041",
        "geometryHash": "92354a551785c041c57c483e48c5438c133f56bc44610ed60c121afe59c7d973",
        "areaKm2": 44.261534,
        "vertexCountAfter": 100,
        "geometryBytes": 3989,
        "compactness": 0.22893943,
        "partCount": 1
      },
      "geometry": {
        "type": "Polygon",
        "coordinates": [
          [
            [
              114.19596899819258,
              30.76800799957212
            ],
            [
              114.20385899822766,
              30.772257999573327
            ],
            [
              114.20629299823825,
              30.775005999573747
            ],
            [
              114.20896699824985,
              30.777674999574185
            ],
            [
              114.21124699825992,
              30.777017999574483
            ],
            [
              114.21675199828341,
              30.78322999957542
            ],
            [
              114.22034299829848,
              30.788841999576057
            ],
            [
              114.2225459983077,
              30.79168999957644
            ],
            [
              114.22422299831476,
              30.7930819995767
            ],
            [
              114.22348699831099,
              30.801198999576865
            ],
            [
              114.22314099830947,
              30.80152299957685
            ],
            [
              114.22265999830739,
              30.801992999576786
            ],
            [
              114.22146499830217,
              30.803242999576664
            ],
            [
              114.22333599831003,
              30.805117999576986
            ],
            [
              114.22398099831274,
              30.80581799957709
            ],
            [
              114.23119099834292,
              30.810456999578154
            ],
            [
              114.2343709983564,
              30.808768999578515
            ],
            [
              114.2423309983896,
              30.805329999579396
            ],
            [
              114.2433659983938,
              30.805992999579537
            ],
            [
              114.2462029984052,
              30.808418999579978
            ],
            [
              114.24748999841036,
              30.809508999580164
            ],
            [
              114.2488719984159,
              30.810673999580374
            ],
            [
              114.25029199842153,
              30.811895999580596
            ],
            [
              114.25136199842524,
              30.820036999580978
            ],
            [
              114.24858499841388,
              30.822144999580715
            ],
            [
              114.24625299840424,
              30.824116999580504
            ],
            [
              114.2444029983966,
              30.82575599958033
            ],
            [
              114.24255299838887,
              30.82739399958014
            ],
            [
              114.24070399838114,
              30.829031999579968
            ],
            [
              114.23883699837332,
              30.830684999579795
            ],
            [
              114.23595299836113,
              30.83315499957951
            ],
            [
              114.23461299835546,
              30.834508999579374
            ],
            [
              114.23343999835045,
              30.835802999579276
            ],
            [
              114.22541099831662,
              30.834298999578206
            ],
            [
              114.2238559983102,
              30.83143299957791
            ],
            [
              114.22230099830377,
              30.828566999577603
            ],
            [
              114.21913699829001,
              30.83028299957725
            ],
            [
              114.22003099829323,
              30.83846499957764
            ],
            [
              114.22153199829941,
              30.84173699957794
            ],
            [
              114.22428799831094,
              30.845667999578428
            ],
            [
              114.22382799830851,
              30.851549999578562
            ],
            [
              114.22263499830319,
              30.854126999578487
            ],
            [
              114.22146699829797,
              30.856651999578418
            ],
            [
              114.22047399829354,
              30.85857599957836
            ],
            [
              114.219226998288,
              30.860666999578264
            ],
            [
              114.21766099828103,
              30.86298999957813
            ],
            [
              114.21634599827516,
              30.86474699957801
            ],
            [
              114.21444099826667,
              30.866994999577834
            ],
            [
              114.21208999825616,
              30.869647999577598
            ],
            [
              114.21092799825092,
              30.871050999577506
            ],
            [
              114.20922499824324,
              30.873138999577346
            ],
            [
              114.20726499823432,
              30.875958999577172
            ],
            [
              114.20545099822601,
              30.878953999577025
            ],
            [
              114.2041089982198,
              30.881717999576928
            ],
            [
              114.20302699821477,
              30.88391399957685
            ],
            [
              114.20625599822907,
              30.88550499957735
            ],
            [
              114.20733799823404,
              30.88330999957741
            ],
            [
              114.21033899824779,
              30.87783199957765
            ],
            [
              114.21371299826298,
              30.873332999577954
            ],
            [
              114.2148619982681,
              30.871944999578062
            ],
            [
              114.21713499827823,
              30.86938299957828
            ],
            [
              114.21909199828691,
              30.867074999578456
            ],
            [
              114.22053999829332,
              30.86515099957859
            ],
            [
              114.2222099983007,
              30.862681999578705
            ],
            [
              114.22356399830669,
              30.860422999578834
            ],
            [
              114.22468399831165,
              30.858268999578897
            ],
            [
              114.22590199831707,
              30.855638999578968
            ],
            [
              114.22709499832234,
              30.853061999579044
            ],
            [
              114.2342869983528,
              30.851303999579894
            ],
            [
              114.23541799835772,
              30.848737999579956
            ],
            [
              114.23567199835882,
              30.848119999579968
            ],
            [
              114.23583599835956,
              30.847599999579966
            ],
            [
              114.23594499836005,
              30.84704499957996
            ],
            [
              114.2359889983603,
              30.846478999579936
            ],
            [
              114.23596799836024,
              30.845911999579926
            ],
            [
              114.2358229983597,
              30.845124999579895
            ],
            [
              114.23767799836806,
              30.83671499957985
            ],
            [
              114.23893699837338,
              30.83545699957996
            ],
            [
              114.24125799838312,
              30.833348999580167
            ],
            [
              114.24309099839078,
              30.831726999580344
            ],
            [
              114.24493999839845,
              30.830088999580536
            ],
            [
              114.24678999840613,
              30.828450999580717
            ],
            [
              114.24863899841375,
              30.826812999580888
            ],
            [
              114.25090999842307,
              30.824893999581093
            ],
            [
              114.25353699843376,
              30.82290599958135
            ],
            [
              114.25572499844263,
              30.821397999581556
            ],
            [
              114.25713499844834,
              30.820412999581716
            ],
            [
              114.25831899845308,
              30.819494999581806
            ],
            [
              114.25938399845737,
              30.818636999581905
            ],
            [
              114.26758499848941,
              30.820204999582934
            ],
            [
              114.269509998497,
              30.818543999583103
            ],
            [
              114.27143599850454,
              30.816882999583278
            ],
            [
              114.27411299851501,
              30.81457299958349
            ],
            [
              114.27585992130489,
              30.814794966409355
            ],
            [
              114.27746992574463,
              30.757702853887242
            ],
            [
              114.18533575596356,
              30.755735059106232
            ],
            [
              114.18515938883915,
              30.761792373775613
            ],
            [
              114.19311499817987,
              30.765185999571617
            ],
            [
              114.19503999818846,
              30.767085999571947
            ],
            [
              114.19596899819258,
              30.76800799957212
            ]
          ]
        ]
      }
    },
    {
      "type": "Feature",
      "properties": {
        "pieceId": "v2-piece-025-925a926fbc68416c",
        "geometryHash": "925a926fbc68416c01bcf671c9cee45e8865008b944c537c0db0b6aa2d95d953",
        "areaKm2": 44.261534,
        "vertexCountAfter": 18,
        "geometryBytes": 747,
        "compactness": 0.716151126,
        "partCount": 1
      },
      "geometry": {
        "type": "Polygon",
        "coordinates": [
          [
            [
              114.36103499881962,
              30.780156999591416
            ],
            [
              114.36141599882086,
              30.779074999591426
            ],
            [
              114.3618499988223,
              30.778069999591427
            ],
            [
              114.36235599882392,
              30.77708399959144
            ],
            [
              114.36272199882511,
              30.77645699959145
            ],
            [
              114.36350199882762,
              30.77531599959149
            ],
            [
              114.36520299883304,
              30.773139999591578
            ],
            [
              114.37176499885346,
              30.770998999592113
            ],
            [
              114.37190899885405,
              30.768258999592035
            ],
            [
              114.37205399885465,
              30.76551799959196
            ],
            [
              114.37225799885536,
              30.76384999959192
            ],
            [
              114.37188299885436,
              30.760828999591798
            ],
            [
              114.37550709855739,
              30.758012201930818
            ],
            [
              114.37606694218702,
              30.7373770323793
            ],
            [
              114.27809880346794,
              30.73535783030826
            ],
            [
              114.27685789920294,
              30.779425099899235
            ],
            [
              114.36076177180088,
              30.781161222298792
            ],
            [
              114.36103499881962,
              30.780156999591416
            ]
          ]
        ]
      }
    },
    {
      "type": "Feature",
      "properties": {
        "pieceId": "v2-piece-026-9c9f964b9c92a59c",
        "geometryHash": "9c9f964b9c92a59cfc4bc7106f51a9592b0e4e9fe2da8bc58782ae9f1558ff11",
        "areaKm2": 44.261534,
        "vertexCountAfter": 5,
        "geometryBytes": 232,
        "compactness": 0.725747739,
        "partCount": 1
      },
      "geometry": {
        "type": "Polygon",
        "coordinates": [
          [
            [
              114.28630745131476,
              30.441368478627997
            ],
            [
              114.1944714130849,
              30.439425197880894
            ],
            [
              114.19317516050627,
              30.484613413259638
            ],
            [
              114.285053500974,
              30.48656018650955
            ],
            [
              114.28630745131476,
              30.441368478627997
            ]
          ]
        ]
      }
    },
    {
      "type": "Feature",
      "properties": {
        "pieceId": "v2-piece-027-a787651c1b1d4062",
        "geometryHash": "a787651c1b1d4062741bce6244ac135954becd0e57ea2c66b7ee2f73ba5d2a3e",
        "areaKm2": 44.261534,
        "vertexCountAfter": 101,
        "geometryBytes": 4025,
        "compactness": 0.289270653,
        "partCount": 1
      },
      "geometry": {
        "type": "Polygon",
        "coordinates": [
          [
            [
              114.50130256949078,
              30.628721314440142
            ],
            [
              114.50685911631454,
              30.62882802765913
            ],
            [
              114.50607699921319,
              30.62696899959782
            ],
            [
              114.5052939992115,
              30.625137999597733
            ],
            [
              114.50523399921171,
              30.616383999597442
            ],
            [
              114.50690299921551,
              30.613562999597473
            ],
            [
              114.50854799921929,
              30.610783999597487
            ],
            [
              114.50924799922086,
              30.609791999597505
            ],
            [
              114.50962099922168,
              30.60930599959751
            ],
            [
              114.51000299922256,
              30.608838999597506
            ],
            [
              114.51048499922365,
              30.608307999597525
            ],
            [
              114.51103999922486,
              30.607735999597548
            ],
            [
              114.51196799922694,
              30.606926999597576
            ],
            [
              114.52002199924432,
              30.610044999598184
            ],
            [
              114.52051799924533,
              30.611825999598274
            ],
            [
              114.52113299924659,
              30.613498999598363
            ],
            [
              114.52156299924748,
              30.614519999598418
            ],
            [
              114.52235599924913,
              30.616135999598505
            ],
            [
              114.52277199925,
              30.616919999598576
            ],
            [
              114.52324099925096,
              30.617744999598624
            ],
            [
              114.52424599925305,
              30.619400999598742
            ],
            [
              114.52567099925601,
              30.6213729995989
            ],
            [
              114.52640499925751,
              30.622266999598974
            ],
            [
              114.52731799925942,
              30.62330299959906
            ],
            [
              114.5281179992611,
              30.624151999599132
            ],
            [
              114.5289969992629,
              30.625014999599216
            ],
            [
              114.52998299926496,
              30.625899999599312
            ],
            [
              114.53163699926839,
              30.627290999599445
            ],
            [
              114.53395799927316,
              30.628928999599637
            ],
            [
              114.53466409422258,
              30.629358450857637
            ],
            [
              114.54299074797238,
              30.629516136842238
            ],
            [
              114.54222099929018,
              30.629193999600144
            ],
            [
              114.54037699928645,
              30.628384999600005
            ],
            [
              114.53955799928478,
              30.628000999599962
            ],
            [
              114.53782299928123,
              30.627072999599818
            ],
            [
              114.53583199927716,
              30.625855999599644
            ],
            [
              114.53371799927281,
              30.62435299959948
            ],
            [
              114.53230799926993,
              30.623151999599365
            ],
            [
              114.53140499926806,
              30.62233799959928
            ],
            [
              114.53064299926649,
              30.6215859995992
            ],
            [
              114.52994099926504,
              30.620836999599142
            ],
            [
              114.52910599926332,
              30.619887999599058
            ],
            [
              114.52845599926198,
              30.619091999598997
            ],
            [
              114.5271659992593,
              30.617296999598853
            ],
            [
              114.52632499925758,
              30.61588799959876
            ],
            [
              114.52590399925671,
              30.61514299959872
            ],
            [
              114.52553699925596,
              30.61444999959867
            ],
            [
              114.52479599925444,
              30.612935999598573
            ],
            [
              114.52445399925375,
              30.61210999959852
            ],
            [
              114.52389899925261,
              30.610587999598437
            ],
            [
              114.52349299925181,
              30.609090999598365
            ],
            [
              114.5231949992512,
              30.6077009995983
            ],
            [
              114.52298499925082,
              30.606287999598255
            ],
            [
              114.52291299925069,
              30.60565799959822
            ],
            [
              114.52282199925054,
              30.604548999598176
            ],
            [
              114.52280599925051,
              30.604052999598164
            ],
            [
              114.52272799925038,
              30.603159999598137
            ],
            [
              114.52273299925042,
              30.602251999598103
            ],
            [
              114.52264799925032,
              30.599563999598022
            ],
            [
              114.5226349992504,
              30.597132999597942
            ],
            [
              114.52925299926457,
              30.59281299959821
            ],
            [
              114.53221399927077,
              30.593144999598398
            ],
            [
              114.53349299927343,
              30.593211999598477
            ],
            [
              114.5353569992773,
              30.5932379995986
            ],
            [
              114.5366009992799,
              30.592825999598634
            ],
            [
              114.53886399928462,
              30.59098099959873
            ],
            [
              114.5467439993007,
              30.588788999599124
            ],
            [
              114.54868199930456,
              30.58976499959926
            ],
            [
              114.55403599931527,
              30.588270999599526
            ],
            [
              114.55543399931815,
              30.584952999599498
            ],
            [
              114.55402599931537,
              30.58435999959941
            ],
            [
              114.55246599931256,
              30.57601899959905
            ],
            [
              114.55526499931825,
              30.57137699959907
            ],
            [
              114.5577529993232,
              30.569707999599153
            ],
            [
              114.56545699933805,
              30.57277599959968
            ],
            [
              114.56627099933955,
              30.574380999599768
            ],
            [
              114.56910099934491,
              30.576311999600012
            ],
            [
              114.57326699935282,
              30.575684999600195
            ],
            [
              114.57772699936119,
              30.575531999600432
            ],
            [
              114.57932999936428,
              30.57230899960041
            ],
            [
              114.57729199936051,
              30.571295999600284
            ],
            [
              114.57540799935703,
              30.56976399960014
            ],
            [
              114.57321099935295,
              30.56803399959996
            ],
            [
              114.576311999359,
              30.560579999599884
            ],
            [
              114.57819999936255,
              30.55947999959996
            ],
            [
              114.58091799936763,
              30.558879999600084
            ],
            [
              114.58589599937692,
              30.554241999600197
            ],
            [
              114.58996236438148,
              30.552937876781474
            ],
            [
              114.56464389727704,
              30.55246660432201
            ],
            [
              114.56009699932822,
              30.55592899959886
            ],
            [
              114.5580029993241,
              30.556582999598756
            ],
            [
              114.55582499931982,
              30.557265999598652
            ],
            [
              114.55334599931491,
              30.55800799959853
            ],
            [
              114.54681099930202,
              30.553621999598025
            ],
            [
              114.54703690562852,
              30.55213596719758
            ],
            [
              114.48852446019839,
              30.551020061027117
            ],
            [
              114.48652629183516,
              30.628436380411383
            ],
            [
              114.49157131163132,
              30.628533853524917
            ],
            [
              114.49370899918523,
              30.62698499959702
            ],
            [
              114.49721099919326,
              30.625771999597223
            ],
            [
              114.50130256949078,
              30.628721314440142
            ]
          ]
        ]
      }
    },
    {
      "type": "Feature",
      "properties": {
        "pieceId": "v2-piece-028-ad9235f72f3a0121",
        "geometryHash": "ad9235f72f3a01214d2a4e14294c3a36517b1acc66ee9735ae84f6516b327ba4",
        "areaKm2": 44.261534,
        "vertexCountAfter": 5,
        "geometryBytes": 231,
        "compactness": 0.725747739,
        "partCount": 1
      },
      "geometry": {
        "type": "Polygon",
        "coordinates": [
          [
            [
              114.28755856518791,
              30.39617641085979
            ],
            [
              114.1957647336915,
              30.39423661947133
            ],
            [
              114.1944714130849,
              30.439425197880894
            ],
            [
              114.28630745131476,
              30.441368478627997
            ],
            [
              114.28755856518791,
              30.39617641085979
            ]
          ]
        ]
      }
    },
    {
      "type": "Feature",
      "properties": {
        "pieceId": "v2-piece-029-aeef6a954fe495f0",
        "geometryHash": "aeef6a954fe495f0620601efe10eec3f61cbbf7b7f9218c0ae35fa5b0da8592c",
        "areaKm2": 44.261534,
        "vertexCountAfter": 5,
        "geometryBytes": 231,
        "compactness": 0.699127599,
        "partCount": 1
      },
      "geometry": {
        "type": "Polygon",
        "coordinates": [
          [
            [
              114.3840736722762,
              30.439894764191795
            ],
            [
              114.28640359603841,
              30.437899231235328
            ],
            [
              114.2852247566236,
              30.48039427403677
            ],
            [
              114.38293714237521,
              30.48239317966955
            ],
            [
              114.3840736722762,
              30.439894764191795
            ]
          ]
        ]
      }
    },
    {
      "type": "Feature",
      "properties": {
        "pieceId": "v2-piece-030-b47506166dfd61cb",
        "geometryHash": "b47506166dfd61cb5cca62a02345b5df3319b81898bf7bd1a4984db7322b4adf",
        "areaKm2": 44.261534,
        "vertexCountAfter": 5,
        "geometryBytes": 231,
        "compactness": 0.736374482,
        "partCount": 1
      },
      "geometry": {
        "type": "Polygon",
        "coordinates": [
          [
            [
              114.3811535735518,
              30.548903914346678
            ],
            [
              114.37907021273378,
              30.62631373046989
            ],
            [
              114.43279682548317,
              30.62738613761768
            ],
            [
              114.43483759478964,
              30.54997303594576
            ],
            [
              114.3811535735518,
              30.548903914346678
            ]
          ]
        ]
      }
    },
    {
      "type": "Feature",
      "properties": {
        "pieceId": "v2-piece-031-c3ae1e46b51d1e74",
        "geometryHash": "c3ae1e46b51d1e7484a944282893f924e09a3da8233f555c06e4cfde7273939b",
        "areaKm2": 44.261534,
        "vertexCountAfter": 72,
        "geometryBytes": 2874,
        "compactness": 0.291525637,
        "partCount": 1
      },
      "geometry": {
        "type": "Polygon",
        "coordinates": [
          [
            [
              114.37563699888594,
              30.38220499958036
            ],
            [
              114.37172899887418,
              30.38276199958002
            ],
            [
              114.3678179988623,
              30.383318999579682
            ],
            [
              114.36296799884781,
              30.376709999579045
            ],
            [
              114.3606479988407,
              30.375832999578797
            ],
            [
              114.35852999883419,
              30.374880999578576
            ],
            [
              114.35631299882735,
              30.37388899957835
            ],
            [
              114.35172299881299,
              30.373085999577892
            ],
            [
              114.34887199880436,
              30.36594099957741
            ],
            [
              114.34890899880463,
              30.36331399957733
            ],
            [
              114.34884199880446,
              30.362786999577306
            ],
            [
              114.34877699880425,
              30.362510999577292
            ],
            [
              114.34527199879302,
              30.363334999576992
            ],
            [
              114.3380699987701,
              30.35811599957614
            ],
            [
              114.33286499875334,
              30.353732999575502
            ],
            [
              114.33091599874702,
              30.352036999575265
            ],
            [
              114.32482799872703,
              30.347200999574508
            ],
            [
              114.32221299871847,
              30.34406199957415
            ],
            [
              114.31901899870769,
              30.343636999573814
            ],
            [
              114.3154849986956,
              30.34432099957347
            ],
            [
              114.3086909986723,
              30.342756999572725
            ],
            [
              114.30501499865997,
              30.335201999572107
            ],
            [
              114.30572899866253,
              30.334055999572154
            ],
            [
              114.3057259986626,
              30.33300999957213
            ],
            [
              114.30562999866231,
              30.33216499957209
            ],
            [
              114.30549799866192,
              30.331072999572058
            ],
            [
              114.30533099866136,
              30.330686999572016
            ],
            [
              114.30515099866075,
              30.33058299957199
            ],
            [
              114.29942599864069,
              30.328961999571337
            ],
            [
              114.2959029986284,
              30.325422999570858
            ],
            [
              114.29958299864195,
              30.318054999571043
            ],
            [
              114.30284499865337,
              30.319576999571435
            ],
            [
              114.30457199865953,
              30.317898999571565
            ],
            [
              114.30804499867176,
              30.31606099957187
            ],
            [
              114.31186299868499,
              30.315583999572276
            ],
            [
              114.31483099869516,
              30.315600999572567
            ],
            [
              114.31779799870527,
              30.315617999572883
            ],
            [
              114.3207649987153,
              30.315635999573168
            ],
            [
              114.32369499872517,
              30.315651999573486
            ],
            [
              114.32591199873258,
              30.315709999573702
            ],
            [
              114.32813499873997,
              30.315875999573926
            ],
            [
              114.3309359987492,
              30.316248999574217
            ],
            [
              114.33232499875376,
              30.31648599957437
            ],
            [
              114.33495699876238,
              30.317060999574636
            ],
            [
              114.33589799876542,
              30.31732499957474
            ],
            [
              114.33659699876769,
              30.31751899957482
            ],
            [
              114.33829599877319,
              30.318066999574988
            ],
            [
              114.33940099877697,
              30.314640999575005
            ],
            [
              114.33770099877147,
              30.31409299957481
            ],
            [
              114.33686899876878,
              30.31385799957474
            ],
            [
              114.33592899876574,
              30.31359499957464
            ],
            [
              114.33309699875652,
              30.31296999957434
            ],
            [
              114.33154599875144,
              30.31270099957418
            ],
            [
              114.3285969987417,
              30.312305999573876
            ],
            [
              114.3261839987337,
              30.312119999573625
            ],
            [
              114.32379099872571,
              30.312053999573383
            ],
            [
              114.3207859987156,
              30.312035999573087
            ],
            [
              114.31781899870556,
              30.312017999572763
            ],
            [
              114.31485199869545,
              30.312000999572472
            ],
            [
              114.31090099868229,
              30.305767999571874
            ],
            [
              114.30806999867264,
              30.303542999571523
            ],
            [
              114.3030469986548,
              30.308311999571124
            ],
            [
              114.2967779986323,
              30.313681999570626
            ],
            [
              114.29509699862628,
              30.31414199957044
            ],
            [
              114.293630998621,
              30.314607999570306
            ],
            [
              114.29005999860806,
              30.315807999569945
            ],
            [
              114.2897738510929,
              30.315904140207493
            ],
            [
              114.28757992777409,
              30.395403870243484
            ],
            [
              114.38520778434467,
              30.39739603337909
            ],
            [
              114.38569582577838,
              30.37907959703948
            ],
            [
              114.37899399889598,
              30.38171899958064
            ],
            [
              114.37563699888594,
              30.38220499958036
            ]
          ]
        ]
      }
    },
    {
      "type": "Feature",
      "properties": {
        "pieceId": "v2-piece-032-c9c87148dafa0c3a",
        "geometryHash": "c9c87148dafa0c3ae3f4c1a16d7249d5e088d9ce012b1542123efaef66893dc0",
        "areaKm2": 44.261534,
        "vertexCountAfter": 236,
        "geometryBytes": 9370,
        "compactness": 0.108693764,
        "partCount": 2
      },
      "geometry": {
        "type": "MultiPolygon",
        "coordinates": [
          [
            [
              [
                114.59767199939819,
                30.55130399960072
              ],
              [
                114.59899599940053,
                30.551054999600776
              ],
              [
                114.60101799940412,
                30.550648999600863
              ],
              [
                114.60283799940731,
                30.550046999600934
              ],
              [
                114.60377399940896,
                30.549661999600975
              ],
              [
                114.6044159994101,
                30.549371999600993
              ],
              [
                114.6064789994137,
                30.54834399960107
              ],
              [
                114.6074569994154,
                30.547802999601085
              ],
              [
                114.60858299941737,
                30.547072999601138
              ],
              [
                114.60983599941957,
                30.546213999601164
              ],
              [
                114.6110039994216,
                30.545271999601205
              ],
              [
                114.61196099942325,
                30.544466999601223
              ],
              [
                114.61674999943149,
                30.540962999601344
              ],
              [
                114.61835199943421,
                30.54008999960139
              ],
              [
                114.62683199944836,
                30.538210999601745
              ],
              [
                114.62737699944928,
                30.538232999601764
              ],
              [
                114.6274049994493,
                30.53823399960177
              ],
              [
                114.63333999945903,
                30.536842999601987
              ],
              [
                114.63783899946623,
                30.538875999602258
              ],
              [
                114.64139399947189,
                30.539371999602444
              ],
              [
                114.64303299947447,
                30.53923099960251
              ],
              [
                114.64338899947506,
                30.538673999602494
              ],
              [
                114.64349899947524,
                30.538221999602495
              ],
              [
                114.64327999947497,
                30.53630499960243
              ],
              [
                114.64288299947431,
                30.536060999602405
              ],
              [
                114.64007899946994,
                30.533574999602198
              ],
              [
                114.63582699946318,
                30.532418999601987
              ],
              [
                114.63008699945395,
                30.53007299960162
              ],
              [
                114.63137099945625,
                30.52146999960143
              ],
              [
                114.63426699946096,
                30.52015799960152
              ],
              [
                114.6358949994636,
                30.519512999601577
              ],
              [
                114.63793499946688,
                30.518785999601647
              ],
              [
                114.63924599946898,
                30.51835099960169
              ],
              [
                114.64093099947168,
                30.517925999601758
              ],
              [
                114.641745999473,
                30.517709999601788
              ],
              [
                114.64283499947473,
                30.517469999601815
              ],
              [
                114.64421699947691,
                30.517218999601877
              ],
              [
                114.64527599947856,
                30.51704999960192
              ],
              [
                114.64735699948183,
                30.516799999601997
              ],
              [
                114.6482959994833,
                30.516714999602048
              ],
              [
                114.64961399948535,
                30.516633999602096
              ],
              [
                114.6504909994867,
                30.51658999960215
              ],
              [
                114.65167599948855,
                30.516573999602183
              ],
              [
                114.65214099948926,
                30.516569999602197
              ],
              [
                114.65368699949167,
                30.51660599960227
              ],
              [
                114.65605099949526,
                30.516711999602393
              ],
              [
                114.65621099949558,
                30.513114999602273
              ],
              [
                114.65384699949196,
                30.51300999960218
              ],
              [
                114.65222599948947,
                30.512970999602103
              ],
              [
                114.65165399948859,
                30.51297399960209
              ],
              [
                114.65044099948675,
                30.512989999602024
              ],
              [
                114.64943799948517,
                30.513037999601984
              ],
              [
                114.64807599948304,
                30.513121999601918
              ],
              [
                114.64703599948142,
                30.513213999601874
              ],
              [
                114.64481999947795,
                30.513478999601794
              ],
              [
                114.6436529994761,
                30.513662999601753
              ],
              [
                114.64219299947379,
                30.51392699960169
              ],
              [
                114.64097399947185,
                30.514193999601627
              ],
              [
                114.64001499947032,
                30.514443999601603
              ],
              [
                114.63835499946768,
                30.514862999601537
              ],
              [
                114.63680999946519,
                30.515365999601478
              ],
              [
                114.63468799946176,
                30.51612099960141
              ],
              [
                114.63294199945892,
                30.516810999601343
              ],
              [
                114.62978499945375,
                30.518237999601254
              ],
              [
                114.6287839994521,
                30.518767999601213
              ],
              [
                114.62800299945081,
                30.519211999601193
              ],
              [
                114.6272029994495,
                30.519692999601176
              ],
              [
                114.62654199944838,
                30.52010899960116
              ],
              [
                114.62583499944718,
                30.52057999960114
              ],
              [
                114.62485099944558,
                30.521285999601112
              ],
              [
                114.62412099944434,
                30.52185599960109
              ],
              [
                114.62354299944336,
                30.522345999601086
              ],
              [
                114.62218999944109,
                30.523551999601054
              ],
              [
                114.62168299944022,
                30.524058999601053
              ],
              [
                114.62128399943954,
                30.524491999601043
              ],
              [
                114.61256299942478,
                30.52636799960068
              ],
              [
                114.60398399940995,
                30.527988999600314
              ],
              [
                114.5997639994026,
                30.526485999600048
              ],
              [
                114.59776299939898,
                30.529478999600038
              ],
              [
                114.60075999940416,
                30.532772999600287
              ],
              [
                114.60435299941047,
                30.532999999600484
              ],
              [
                114.60614499941357,
                30.53243299960056
              ],
              [
                114.61191199942337,
                30.53727099960098
              ],
              [
                114.6104599994208,
                30.540722999601037
              ],
              [
                114.6098309994197,
                30.541353999601025
              ],
              [
                114.60937899941891,
                30.54177499960101
              ],
              [
                114.60825099941691,
                30.542739999600983
              ],
              [
                114.60733699941534,
                30.543416999600957
              ],
              [
                114.5989389994007,
                30.541895999600477
              ],
              [
                114.59701699939725,
                30.543065999600422
              ],
              [
                114.59509499939381,
                30.544235999600367
              ],
              [
                114.5925379993892,
                30.545793999600267
              ],
              [
                114.58536999937628,
                30.543235999599823
              ],
              [
                114.58117499936857,
                30.543344999599604
              ],
              [
                114.57860599936375,
                30.545509999599545
              ],
              [
                114.57322399935356,
                30.549533999599376
              ],
              [
                114.56795299934355,
                30.550312999599107
              ],
              [
                114.56743999934255,
                30.550299999599083
              ],
              [
                114.56616699934008,
                30.551242999599058
              ],
              [
                114.56568599933915,
                30.55167299959904
              ],
              [
                114.56464389727704,
                30.55246660432201
              ],
              [
                114.58996236438148,
                30.552937876781474
              ],
              [
                114.59348499939072,
                30.55180799960051
              ],
              [
                114.59500499939342,
                30.551692999600597
              ],
              [
                114.59620499939557,
                30.55153499960065
              ],
              [
                114.59767199939819,
                30.55130399960072
              ]
            ]
          ],
          [
            [
              [
                114.5444299992975,
                30.545306999597624
              ],
              [
                114.54156599929169,
                30.545423999597457
              ],
              [
                114.53939199928725,
                30.545344999597322
              ],
              [
                114.53757699928352,
                30.545114999597214
              ],
              [
                114.53446199927713,
                30.544526999597014
              ],
              [
                114.53123399927043,
                30.5439219995968
              ],
              [
                114.52916799926612,
                30.543545999596653
              ],
              [
                114.5255589992588,
                30.53532599959618
              ],
              [
                114.52587699925952,
                30.53406099959615
              ],
              [
                114.5262689992604,
                30.532782999596137
              ],
              [
                114.52675499926147,
                30.531450999596135
              ],
              [
                114.52711499926225,
                30.530583999596136
              ],
              [
                114.52750399926309,
                30.529730999596136
              ],
              [
                114.52792999926403,
                30.528880999596126
              ],
              [
                114.52852099926533,
                30.527839999596125
              ],
              [
                114.52969399926785,
                30.52606399959615
              ],
              [
                114.53090299927041,
                30.52445399959618
              ],
              [
                114.5383269992859,
                30.520600999596496
              ],
              [
                114.54052299929039,
                30.520785999596637
              ],
              [
                114.54116899929171,
                30.520820999596666
              ],
              [
                114.54214199929368,
                30.520829999596735
              ],
              [
                114.54377299929699,
                30.520777999596827
              ],
              [
                114.54495699929937,
                30.520717999596897
              ],
              [
                114.5479019993053,
                30.52061099959705
              ],
              [
                114.55042799931034,
                30.5205089995972
              ],
              [
                114.55567299932072,
                30.520236999597493
              ],
              [
                114.56191999933291,
                30.519673999597817
              ],
              [
                114.56331199933561,
                30.519720999597915
              ],
              [
                114.5641189993372,
                30.518644999597917
              ],
              [
                114.56414899933725,
                30.51855999959792
              ],
              [
                114.56424699933746,
                30.518201999597913
              ],
              [
                114.56432799933762,
                30.517879999597906
              ],
              [
                114.56370399933647,
                30.516141999597817
              ],
              [
                114.56067899933068,
                30.514840999597606
              ],
              [
                114.56018999932974,
                30.514603999597554
              ],
              [
                114.5573699993243,
                30.512886999597356
              ],
              [
                114.55054099931077,
                30.514199999597007
              ],
              [
                114.54954099930877,
                30.51431799959696
              ],
              [
                114.54922899930816,
                30.514463999596945
              ],
              [
                114.54899599930768,
                30.514598999596938
              ],
              [
                114.54494099929947,
                30.51700699959677
              ],
              [
                114.5388429992873,
                30.51092999959622
              ],
              [
                114.53959899928898,
                30.506277999596115
              ],
              [
                114.54029499929048,
                30.50470299959612
              ],
              [
                114.54132499929263,
                30.50267799959611
              ],
              [
                114.54231999929472,
                30.500901999596124
              ],
              [
                114.54333199929683,
                30.499260999596128
              ],
              [
                114.5439469992981,
                30.498328999596133
              ],
              [
                114.55071399931181,
                30.493068999596364
              ],
              [
                114.55279999931597,
                30.492790999596476
              ],
              [
                114.55304199931643,
                30.49273799959649
              ],
              [
                114.55475499931981,
                30.492500999596587
              ],
              [
                114.55669399932363,
                30.492213999596675
              ],
              [
                114.55922699932859,
                30.491861999596814
              ],
              [
                114.5624189993348,
                30.491558999596986
              ],
              [
                114.56326499933641,
                30.49154599959703
              ],
              [
                114.56508999933992,
                30.49128599959712
              ],
              [
                114.56691599934342,
                30.491025999597205
              ],
              [
                114.56890799934723,
                30.490510999597312
              ],
              [
                114.57086399935095,
                30.49023499959739
              ],
              [
                114.57036099935011,
                30.486669999597265
              ],
              [
                114.56784099934531,
                30.486862999597143
              ],
              [
                114.56638899934255,
                30.48706699959706
              ],
              [
                114.56379699933755,
                30.487591999596933
              ],
              [
                114.55974399932998,
                30.479617999596467
              ],
              [
                114.56027799933105,
                30.47903199959648
              ],
              [
                114.56078499933203,
                30.478424999596488
              ],
              [
                114.56131099933307,
                30.47773599959648
              ],
              [
                114.56204099933451,
                30.476651999596502
              ],
              [
                114.5626319993357,
                30.47565299959651
              ],
              [
                114.5629839993364,
                30.47495199959651
              ],
              [
                114.56329399933702,
                30.474234999596497
              ],
              [
                114.56356299933756,
                30.47350299959649
              ],
              [
                114.56741399934509,
                30.468293999596536
              ],
              [
                114.56783399934591,
                30.46797399959657
              ],
              [
                114.56820999934662,
                30.46759499959656
              ],
              [
                114.56852899934724,
                30.467161999596573
              ],
              [
                114.56878199934773,
                30.46668199959655
              ],
              [
                114.5689589993481,
                30.46616599959656
              ],
              [
                114.56905199934828,
                30.46562699959655
              ],
              [
                114.56905899934831,
                30.465087999596534
              ],
              [
                114.5691399993486,
                30.461268999596424
              ],
              [
                114.56898799934841,
                30.457671999596304
              ],
              [
                114.56852499934752,
                30.45769199959627
              ],
              [
                114.56778199934611,
                30.457805999596243
              ],
              [
                114.56727699934515,
                30.457944999596222
              ],
              [
                114.56684199934432,
                30.458113999596197
              ],
              [
                114.55903399932932,
                30.457253999595736
              ],
              [
                114.55770599932677,
                30.456136999595625
              ],
              [
                114.55694899932533,
                30.45558899959557
              ],
              [
                114.55617099932383,
                30.455106999595515
              ],
              [
                114.55427399932,
                30.458166999595502
              ],
              [
                114.55557799932252,
                30.459040999595604
              ],
              [
                114.55667699932464,
                30.459975999595695
              ],
              [
                114.55716199932559,
                30.46045299959573
              ],
              [
                114.560087999331,
                30.46835099959614
              ],
              [
                114.56001599933086,
                30.46908399959615
              ],
              [
                114.55708699932488,
                30.477188999596233
              ],
              [
                114.55589299932252,
                30.47833199959621
              ],
              [
                114.55456499931987,
                30.479586999596172
              ],
              [
                114.55322599931718,
                30.48085199959613
              ],
              [
                114.55152299931378,
                30.48247999959608
              ],
              [
                114.55074199931221,
                30.483246999596073
              ],
              [
                114.54967199931004,
                30.484389999596047
              ],
              [
                114.54868899930803,
                30.48551399959601
              ],
              [
                114.54568499930195,
                30.487722999595906
              ],
              [
                114.53937799928924,
                30.485616999595482
              ],
              [
                114.53750899928545,
                30.484720999595336
              ],
              [
                114.53324299927678,
                30.481276999594975
              ],
              [
                114.53068799927156,
                30.47855299959475
              ],
              [
                114.53048999927117,
                30.478322999594706
              ],
              [
                114.52990699926997,
                30.477697999594664
              ],
              [
                114.52890899926793,
                30.476765999594573
              ],
              [
                114.52888799926787,
                30.47676599959458
              ],
              [
                114.52288299925546,
                30.47007799959401
              ],
              [
                114.52057699925057,
                30.46985999959385
              ],
              [
                114.51827199924563,
                30.469640999593697
              ],
              [
                114.51665699924216,
                30.469509999593598
              ],
              [
                114.5154249992395,
                30.469432999593515
              ],
              [
                114.5140379992365,
                30.469367999593423
              ],
              [
                114.51157599923116,
                30.46932599959326
              ],
              [
                114.50878499922504,
                30.469198999593083
              ],
              [
                114.50597599921885,
                30.469385999592916
              ],
              [
                114.50378085264985,
                30.469614816706077
              ],
              [
                114.5016925919891,
                30.551273488549977
              ],
              [
                114.54703690562852,
                30.55213596719758
              ],
              [
                114.54755099930365,
                30.548753999597924
              ],
              [
                114.5473059993033,
                30.54516299959777
              ],
              [
                114.54532099929929,
                30.545297999597683
              ],
              [
                114.5444299992975,
                30.545306999597624
              ]
            ]
          ]
        ]
      }
    },
    {
      "type": "Feature",
      "properties": {
        "pieceId": "v2-piece-033-cdc3a89884d0cd2d",
        "geometryHash": "cdc3a89884d0cd2d72dd9010e8ea37eceac9264f5ff0474d770d3006f5375921",
        "areaKm2": 44.261534,
        "vertexCountAfter": 5,
        "geometryBytes": 234,
        "compactness": 0.699127599,
        "partCount": 1
      },
      "geometry": {
        "type": "Polygon",
        "coordinates": [
          [
            [
              114.37951300179806,
              30.609886530854162
            ],
            [
              114.2816731468032,
              30.607877489985576
            ],
            [
              114.28048423109952,
              30.650371256714056
            ],
            [
              114.3783667566194,
              30.652383681754984
            ],
            [
              114.37951300179806,
              30.609886530854162
            ]
          ]
        ]
      }
    },
    {
      "type": "Feature",
      "properties": {
        "pieceId": "v2-piece-034-d21991729bd10cb5",
        "geometryHash": "d21991729bd10cb5a5e9ba47be13c55c4b1015d4c1e9bc1b04a0d67f9477af39",
        "areaKm2": 44.261534,
        "vertexCountAfter": 117,
        "geometryBytes": 4660,
        "compactness": 0.204218327,
        "partCount": 2
      },
      "geometry": {
        "type": "MultiPolygon",
        "coordinates": [
          [
            [
              [
                114.04531199741044,
                30.59798399954199
              ],
              [
                114.04511799740872,
                30.6022939995421
              ],
              [
                114.04492399740701,
                30.60660399954219
              ],
              [
                114.04193399738759,
                30.61436199954185
              ],
              [
                114.0411859973829,
                30.61480199954172
              ],
              [
                114.03999499737543,
                30.6154359995415
              ],
              [
                114.03911399736987,
                30.61598899954134
              ],
              [
                114.0410289973814,
                30.619037999541813
              ],
              [
                114.04042099737688,
                30.625139999541865
              ],
              [
                114.04123799738177,
                30.62692499954209
              ],
              [
                114.03542999734472,
                30.632990999541132
              ],
              [
                114.031957997323,
                30.631517999540392
              ],
              [
                114.03014399731163,
                30.630399999540003
              ],
              [
                114.02882899730334,
                30.629843999539712
              ],
              [
                114.02820199729936,
                30.629683999539584
              ],
              [
                114.0270899972923,
                30.629405999539348
              ],
              [
                114.02611899728612,
                30.629111999539152
              ],
              [
                114.02477499727708,
                30.632450999538978
              ],
              [
                114.02353999726841,
                30.638204999538907
              ],
              [
                114.02515399727831,
                30.642058999539348
              ],
              [
                114.02553599728061,
                30.643153999539454
              ],
              [
                114.0254099972791,
                30.648725999539604
              ],
              [
                114.0222579972584,
                30.651930999539058
              ],
              [
                114.02154799725372,
                30.652650999538928
              ],
              [
                114.02222899725787,
                30.654591999539136
              ],
              [
                114.02269899726089,
                30.65478899953924
              ],
              [
                114.02411099726994,
                30.655178999539523
              ],
              [
                114.02510199727628,
                30.65540399953975
              ],
              [
                114.03224499732251,
                30.650081999541023
              ],
              [
                114.03479199733883,
                30.64812499954147
              ],
              [
                114.04238299738572,
                30.6528029995431
              ],
              [
                114.04172499738145,
                30.654261999543028
              ],
              [
                114.04125799737841,
                30.655352999542952
              ],
              [
                114.04029099737211,
                30.657727999542832
              ],
              [
                114.04362499739266,
                30.659084999543534
              ],
              [
                114.04459199739891,
                30.656709999543647
              ],
              [
                114.0511099974394,
                30.652491999544782
              ],
              [
                114.05383999745624,
                30.650420999545226
              ],
              [
                114.05617599747055,
                30.648916999545644
              ],
              [
                114.05805199748197,
                30.64791499954597
              ],
              [
                114.06005299749408,
                30.646838999546308
              ],
              [
                114.06240499750825,
                30.645645999546694
              ],
              [
                114.0647939975226,
                30.644432999547096
              ],
              [
                114.06554699752706,
                30.64406899954724
              ],
              [
                114.0686109975453,
                30.642775999547755
              ],
              [
                114.07118999756054,
                30.641694999548214
              ],
              [
                114.07352699757429,
                30.640747999548605
              ],
              [
                114.07465099758086,
                30.640372999548802
              ],
              [
                114.07706399759489,
                30.639765999549226
              ],
              [
                114.078288997602,
                30.639561999549425
              ],
              [
                114.08100999761767,
                30.639259999549903
              ],
              [
                114.08365499763278,
                30.639003999550386
              ],
              [
                114.0847069976389,
                30.637913999550523
              ],
              [
                114.08504699764089,
                30.63744199955057
              ],
              [
                114.08595399764629,
                30.63526599955066
              ],
              [
                114.09438599769378,
                30.634270999552115
              ],
              [
                114.09473299769532,
                30.637853999552277
              ],
              [
                114.09661799770583,
                30.637671999552605
              ],
              [
                114.10184999773404,
                30.64385499955369
              ],
              [
                114.10162599773267,
                30.64512399955369
              ],
              [
                114.1014909977318,
                30.646314999553717
              ],
              [
                114.10136799773092,
                30.648199999553746
              ],
              [
                114.10140099773095,
                30.6497579995538
              ],
              [
                114.10167299773217,
                30.652439999553934
              ],
              [
                114.10214999773451,
                30.654772999554087
              ],
              [
                114.10252299773644,
                30.65608999955418
              ],
              [
                114.10338012685443,
                30.65893750035973
              ],
              [
                114.10544196943418,
                30.589733994305583
              ],
              [
                114.03881825164451,
                30.58823383151744
              ],
              [
                114.04550599741215,
                30.593672999541912
              ],
              [
                114.04531199741044,
                30.59798399954199
              ]
            ]
          ],
          [
            [
              [
                114.10019699772127,
                30.678616999554496
              ],
              [
                114.09753699770656,
                30.67867899955404
              ],
              [
                114.09489899769187,
                30.67874099955356
              ],
              [
                114.09084399766915,
                30.678786999552873
              ],
              [
                114.08675899764607,
                30.678833999552147
              ],
              [
                114.0849549976358,
                30.678894999551837
              ],
              [
                114.08244899762154,
                30.67868699955139
              ],
              [
                114.08214999761942,
                30.682274999551428
              ],
              [
                114.0846559976337,
                30.682482999551894
              ],
              [
                114.08685899764623,
                30.682432999552283
              ],
              [
                114.090884997669,
                30.68238699955298
              ],
              [
                114.0949399976917,
                30.6823409995537
              ],
              [
                114.1004429977216,
                30.688329999554817
              ],
              [
                114.09948599771609,
                30.690509999554735
              ],
              [
                114.09894099771299,
                30.691300999554663
              ],
              [
                114.09737799770417,
                30.69265499955445
              ],
              [
                114.09572299769484,
                30.694092999554194
              ],
              [
                114.09528899769235,
                30.694529999554142
              ],
              [
                114.09227299767522,
                30.69689699955368
              ],
              [
                114.09151699767071,
                30.699262999553614
              ],
              [
                114.09103199766788,
                30.70027599955358
              ],
              [
                114.09017599766287,
                30.702117999553483
              ],
              [
                114.09062699766534,
                30.702750999553576
              ],
              [
                114.0932419976799,
                30.70400599955406
              ],
              [
                114.09472199768729,
                30.712369999554593
              ],
              [
                114.0931009976781,
                30.713357999554333
              ],
              [
                114.09161699766966,
                30.714270999554113
              ],
              [
                114.08973899765897,
                30.715202999553807
              ],
              [
                114.08798699764897,
                30.71607799955352
              ],
              [
                114.08508499763235,
                30.71725199955306
              ],
              [
                114.08203199761473,
                30.718493999552543
              ],
              [
                114.07998999760288,
                30.71954699955221
              ],
              [
                114.07794799759098,
                30.720599999551883
              ],
              [
                114.07959799760016,
                30.723799999552277
              ],
              [
                114.08163999761203,
                30.722746999552612
              ],
              [
                114.08643399763966,
                30.720588999553392
              ],
              [
                114.08933599765625,
                30.71941599955388
              ],
              [
                114.09133899766765,
                30.71842799955419
              ],
              [
                114.0932169976783,
                30.717495999554494
              ],
              [
                114.09497499768825,
                30.71643199955476
              ],
              [
                114.09659599769739,
                30.715442999555016
              ],
              [
                114.09848999770807,
                30.713996999555302
              ],
              [
                114.10061499772003,
                30.712239999555607
              ],
              [
                114.10181812802243,
                30.711204658001517
              ],
              [
                114.1027942965911,
                30.678556461640284
              ],
              [
                114.10019699772127,
                30.678616999554496
              ]
            ]
          ]
        ]
      }
    },
    {
      "type": "Feature",
      "properties": {
        "pieceId": "v2-piece-035-d4f09d394195686a",
        "geometryHash": "d4f09d394195686a04aa8653169ddbc5a1c6a0087d96d311fb725d568d355783",
        "areaKm2": 44.261534,
        "vertexCountAfter": 5,
        "geometryBytes": 234,
        "compactness": 0.699127599,
        "partCount": 1
      },
      "geometry": {
        "type": "Polygon",
        "coordinates": [
          [
            [
              114.28285953657034,
              30.565383403742842
            ],
            [
              114.2816731468032,
              30.607877489985576
            ],
            [
              114.37951300179806,
              30.609886530854162
            ],
            [
              114.38065681153773,
              30.56738906332426
            ],
            [
              114.28285953657034,
              30.565383403742842
            ]
          ]
        ]
      }
    },
    {
      "type": "Feature",
      "properties": {
        "pieceId": "v2-piece-036-da89f9bc07d8de0a",
        "geometryHash": "da89f9bc07d8de0af7b0b17508113fe7d354e2b279072bedf612302e96053bf8",
        "areaKm2": 44.261534,
        "vertexCountAfter": 5,
        "geometryBytes": 230,
        "compactness": 0.725747739,
        "partCount": 1
      },
      "geometry": {
        "type": "Polygon",
        "coordinates": [
          [
            [
              114.1957647336915,
              30.39423661947133
            ],
            [
              114.28755856518791,
              30.39617641085979
            ],
            [
              114.28880684804125,
              30.350983983603992
            ],
            [
              114.19705512795635,
              30.34904767843864
            ],
            [
              114.1957647336915,
              30.39423661947133
            ]
          ]
        ]
      }
    },
    {
      "type": "Feature",
      "properties": {
        "pieceId": "v2-piece-037-da8aa6e785d7ce11",
        "geometryHash": "da8aa6e785d7ce111b8514e2f50cf9c6b54e4bce40ed2bd7535276b986d56952",
        "areaKm2": 44.261534,
        "vertexCountAfter": 5,
        "geometryBytes": 230,
        "compactness": 0.699127599,
        "partCount": 1
      },
      "geometry": {
        "type": "Polygon",
        "coordinates": [
          [
            [
              114.38293714237521,
              30.48239317966955
            ],
            [
              114.2852247566236,
              30.48039427403677
            ],
            [
              114.28404340498665,
              30.52288899831631
            ],
            [
              114.38179819026064,
              30.52489127948827
            ],
            [
              114.38293714237521,
              30.48239317966955
            ]
          ]
        ]
      }
    },
    {
      "type": "Feature",
      "properties": {
        "pieceId": "v2-piece-038-f1d16510510fe0b7",
        "geometryHash": "f1d16510510fe0b7dc7fb9a1da976aab4bb82bbd6c55fc58296bfa2b25424d3f",
        "areaKm2": 44.261534,
        "vertexCountAfter": 5,
        "geometryBytes": 232,
        "compactness": 0.698500091,
        "partCount": 1
      },
      "geometry": {
        "type": "Polygon",
        "coordinates": [
          [
            [
              114.3811535735518,
              30.548903914346678
            ],
            [
              114.43019039019269,
              30.549881362280466
            ],
            [
              114.4324195259384,
              30.465131150673717
            ],
            [
              114.38342512813064,
              30.46415698589068
            ],
            [
              114.3811535735518,
              30.548903914346678
            ]
          ]
        ]
      }
    },
    {
      "type": "Feature",
      "properties": {
        "pieceId": "v2-piece-039-f25525e707ec129b",
        "geometryHash": "f25525e707ec129b9733f9a5a88b808bfe17db07c8f4fc4559b069e7eb924fcb",
        "areaKm2": 44.261534,
        "vertexCountAfter": 5,
        "geometryBytes": 233,
        "compactness": 0.736374482,
        "partCount": 1
      },
      "geometry": {
        "type": "Polygon",
        "coordinates": [
          [
            [
              114.43483759478964,
              30.54997303594576
            ],
            [
              114.43279682548317,
              30.62738613761768
            ],
            [
              114.48652629183516,
              30.628436380411383
            ],
            [
              114.48852446019839,
              30.551020061027117
            ],
            [
              114.43483759478964,
              30.54997303594576
            ]
          ]
        ]
      }
    },
    {
      "type": "Feature",
      "properties": {
        "pieceId": "v2-piece-040-f4771a86fde462b2",
        "geometryHash": "f4771a86fde462b25bed85bdab5d146290bbbad4bf7a77f22f7812e1131f3597",
        "areaKm2": 44.261534,
        "vertexCountAfter": 5,
        "geometryBytes": 234,
        "compactness": 0.699127599,
        "partCount": 1
      },
      "geometry": {
        "type": "Polygon",
        "coordinates": [
          [
            [
              114.28640359603841,
              30.437899231235328
            ],
            [
              114.3840736722762,
              30.439894764191795
            ],
            [
              114.38520778434467,
              30.39739603337909
            ],
            [
              114.28757992777409,
              30.395403870243484
            ],
            [
              114.28640359603841,
              30.437899231235328
            ]
          ]
        ]
      }
    },
    {
      "type": "Feature",
      "properties": {
        "pieceId": "v2-piece-041-fa22a1c714bc7af2",
        "geometryHash": "fa22a1c714bc7af2ad360258f5d19253b6793fb3189084162ddbd758e7f3c3dc",
        "areaKm2": 44.261534,
        "vertexCountAfter": 135,
        "geometryBytes": 5378,
        "compactness": 0.13638391,
        "partCount": 4
      },
      "geometry": {
        "type": "MultiPolygon",
        "coordinates": [
          [
            [
              [
                114.0529589974727,
                30.466359999539574
              ],
              [
                114.05460443812802,
                30.46546878225292
              ],
              [
                114.05100016499541,
                30.465387281933168
              ],
              [
                114.0529589974727,
                30.466359999539574
              ]
            ]
          ],
          [
            [
              [
                114.06350599753551,
                30.466470999541553
              ],
              [
                114.06630099755148,
                30.47037499954218
              ],
              [
                114.06847299756404,
                30.471466999542617
              ],
              [
                114.06963399757075,
                30.472035999542843
              ],
              [
                114.07348899759221,
                30.479877999543774
              ],
              [
                114.07540799760322,
                30.480364999544136
              ],
              [
                114.07586999760586,
                30.480431999544216
              ],
              [
                114.07703299761253,
                30.480510999544435
              ],
              [
                114.0773689976146,
                30.47929799954446
              ],
              [
                114.07743999761504,
                30.47889799954447
              ],
              [
                114.07788599761795,
                30.475728999544444
              ],
              [
                114.07852799762203,
                30.472171999544464
              ],
              [
                114.08413499765447,
                30.466913999545294
              ],
              [
                114.08763399767385,
                30.46970399954601
              ],
              [
                114.09117299769355,
                30.470364999546643
              ],
              [
                114.0993519977385,
                30.4722329995481
              ],
              [
                114.10163699775087,
                30.473275999548523
              ],
              [
                114.10380499776255,
                30.47426499954893
              ],
              [
                114.10652999777717,
                30.475517999549428
              ],
              [
                114.10928799779208,
                30.47482299954986
              ],
              [
                114.11634799782911,
                30.480275999551207
              ],
              [
                114.12239599786032,
                30.48578099955235
              ],
              [
                114.12125999785418,
                30.487911999552235
              ],
              [
                114.1204409978498,
                30.488834999552132
              ],
              [
                114.11973599784594,
                30.49027299955204
              ],
              [
                114.11921099784304,
                30.49179999955202
              ],
              [
                114.11874599784042,
                30.49344199955199
              ],
              [
                114.11847699783881,
                30.495338999552004
              ],
              [
                114.11837199783808,
                30.497039999552026
              ],
              [
                114.1184029978381,
                30.498562999552085
              ],
              [
                114.1186679978393,
                30.50044199955218
              ],
              [
                114.11888699784035,
                30.501430999552237
              ],
              [
                114.11949599784337,
                30.503217999552394
              ],
              [
                114.12022899784706,
                30.504909999552563
              ],
              [
                114.12144699785325,
                30.50691299955282
              ],
              [
                114.122380997858,
                30.508171999552996
              ],
              [
                114.12350499786373,
                30.509456999553233
              ],
              [
                114.12091999784936,
                30.517952999553074
              ],
              [
                114.11966499784276,
                30.51809299955286
              ],
              [
                114.11921499784039,
                30.518117999552793
              ],
              [
                114.11861899783725,
                30.518138999552693
              ],
              [
                114.11605699782376,
                30.517619999552256
              ],
              [
                114.1137859978118,
                30.516652999551855
              ],
              [
                114.11150599779974,
                30.515681999551457
              ],
              [
                114.10933199778816,
                30.514769999551056
              ],
              [
                114.10700499777575,
                30.513839999550637
              ],
              [
                114.10442499776201,
                30.511576999550122
              ],
              [
                114.10094899774312,
                30.511196999549522
              ],
              [
                114.0983839977291,
                30.510640999549075
              ],
              [
                114.09369299770333,
                30.509478999548225
              ],
              [
                114.09015299768369,
                30.5088219995476
              ],
              [
                114.08604399766062,
                30.50900899954687
              ],
              [
                114.08352999764645,
                30.508650999546422
              ],
              [
                114.08302299764317,
                30.512214999546444
              ],
              [
                114.0769029976076,
                30.517966999545518
              ],
              [
                114.07556999759986,
                30.5186699995453
              ],
              [
                114.07571999760059,
                30.519768999545345
              ],
              [
                114.07613899760241,
                30.5250879995456
              ],
              [
                114.07707699760756,
                30.52731099954583
              ],
              [
                114.07710499760705,
                30.533326999546016
              ],
              [
                114.07261599758057,
                30.53821099954535
              ],
              [
                114.07041499756768,
                30.53906299954497
              ],
              [
                114.06666699754501,
                30.545413999544472
              ],
              [
                114.06405399752943,
                30.54717999954403
              ],
              [
                114.06280499752191,
                30.548287999543845
              ],
              [
                114.06174052124152,
                30.5491424425959
              ],
              [
                114.14018794985192,
                30.550890109716086
              ],
              [
                114.142631503131,
                30.46742830434667
              ],
              [
                114.06134794771044,
                30.4656209995935
              ],
              [
                114.06350599753551,
                30.466470999541553
              ]
            ]
          ],
          [
            [
              [
                114.04366899740701,
                30.542735999540035
              ],
              [
                114.04354499740647,
                30.54080299953995
              ],
              [
                114.04336599740573,
                30.53792699953984
              ],
              [
                114.04316499740472,
                30.535957999539736
              ],
              [
                114.04280199740273,
                30.533837999539614
              ],
              [
                114.04263399740185,
                30.53277199953953
              ],
              [
                114.04220499739942,
                30.530851999539387
              ],
              [
                114.04162499739611,
                30.52858599953921
              ],
              [
                114.04103799739278,
                30.52629199953904
              ],
              [
                114.04042599738925,
                30.524052999538846
              ],
              [
                114.0398439973859,
                30.521937999538668
              ],
              [
                114.03932999738332,
                30.517067999538433
              ],
              [
                114.03960199738545,
                30.513524999538387
              ],
              [
                114.04038999739078,
                30.509881999538425
              ],
              [
                114.04052399739165,
                30.50943899953844
              ],
              [
                114.04129499739668,
                30.507376999538522
              ],
              [
                114.04233699740344,
                30.504527999538656
              ],
              [
                114.03895499738267,
                30.503291999537954
              ],
              [
                114.03791399737587,
                30.506140999537827
              ],
              [
                114.03715199737087,
                30.508178999537755
              ],
              [
                114.03695099736954,
                30.508816999537714
              ],
              [
                114.03640099736586,
                30.51075599953768
              ],
              [
                114.03604399736338,
                30.51297499953766
              ],
              [
                114.03573399736119,
                30.514977999537656
              ],
              [
                114.0357299973609,
                30.51710099953772
              ],
              [
                114.03574699736079,
                30.518930999537783
              ],
              [
                114.03597199736195,
                30.520891999537884
              ],
              [
                114.03631299736386,
                30.522637999538006
              ],
              [
                114.03695399736756,
                30.5250019995382
              ],
              [
                114.0375649973711,
                30.527240999538385
              ],
              [
                114.03813799737439,
                30.52947899953856
              ],
              [
                114.03871799737772,
                30.531744999538738
              ],
              [
                114.03911999738,
                30.53355399953888
              ],
              [
                114.03924399738065,
                30.53438599953892
              ],
              [
                114.03961699738271,
                30.536564999539063
              ],
              [
                114.03978399738354,
                30.538283999539154
              ],
              [
                114.03995199738425,
                30.54102499953926
              ],
              [
                114.04007699738479,
                30.542966999539345
              ],
              [
                114.0403899973863,
                30.546430999539506
              ],
              [
                114.04056411655897,
                30.54866256036677
              ],
              [
                114.04418131385655,
                30.548744774483705
              ],
              [
                114.0439749974085,
                30.546105999540192
              ],
              [
                114.04366899740701,
                30.542735999540035
              ]
            ]
          ],
          [
            [
              [
                113.98833699704606,
                30.546800999528735
              ],
              [
                113.98725599703866,
                30.546476999528497
              ],
              [
                113.98613199703095,
                30.546192999528227
              ],
              [
                113.98490099702245,
                30.545983999527962
              ],
              [
                113.9826399970068,
                30.54572799952745
              ],
              [
                113.98033999699078,
                30.545511999526916
              ],
              [
                113.97621199696185,
                30.545091999526004
              ],
              [
                113.97183699693099,
                30.544242999524997
              ],
              [
                113.96588899688874,
                30.542289999523557
              ],
              [
                113.96373899687336,
                30.541452999523052
              ],
              [
                113.96185399685982,
                30.540804999522592
              ],
              [
                113.96068399685082,
                30.544209999522415
              ],
              [
                113.96458099687881,
                30.54564399952336
              ],
              [
                113.96666199689369,
                30.54645599952386
              ],
              [
                113.96832208731296,
                30.54699952632568
              ],
              [
                113.99009881051117,
                30.547505058192545
              ],
              [
                113.9892349970522,
                30.54711599952893
              ],
              [
                113.98833699704606,
                30.546800999528735
              ]
            ]
          ]
        ]
      }
    },
    {
      "type": "Feature",
      "properties": {
        "pieceId": "v2-piece-042-fb6029f788e4e99c",
        "geometryHash": "fb6029f788e4e99c15383af57a9e1cd0b6d0d91b1dd2f606fe50484d79908c42",
        "areaKm2": 44.261534,
        "vertexCountAfter": 5,
        "geometryBytes": 230,
        "compactness": 0.725747739,
        "partCount": 1
      },
      "geometry": {
        "type": "Polygon",
        "coordinates": [
          [
            [
              114.19187597030664,
              30.5298012652003
            ],
            [
              114.19057383681832,
              30.57498875329599
            ],
            [
              114.28253706900787,
              30.57694252101868
            ],
            [
              114.28379670869973,
              30.531751534105847
            ],
            [
              114.19187597030664,
              30.5298012652003
            ]
          ]
        ]
      }
    },
    {
      "type": "Feature",
      "properties": {
        "pieceId": "v2-piece-043-ff7097817f908720",
        "geometryHash": "ff7097817f9087203482db81f45d098fc6a700536d3e3ac8da5cde0e3294d7cd",
        "areaKm2": 44.261534,
        "vertexCountAfter": 55,
        "geometryBytes": 2204,
        "compactness": 0.280480255,
        "partCount": 1
      },
      "geometry": {
        "type": "Polygon",
        "coordinates": [
          [
            [
              114.39065299891075,
              30.760797999593457
            ],
            [
              114.3902909989094,
              30.7663609995936
            ],
            [
              114.39181599891374,
              30.769084999593833
            ],
            [
              114.3953799989242,
              30.768575999594116
            ],
            [
              114.39516799892368,
              30.76617999959402
            ],
            [
              114.39485099892283,
              30.764788999593957
            ],
            [
              114.3945979989222,
              30.762938999593867
            ],
            [
              114.39421599892121,
              30.76028499959376
            ],
            [
              114.39966699893726,
              30.754844999594035
            ],
            [
              114.40235499894499,
              30.754872999594266
            ],
            [
              114.40738499895916,
              30.757916999594773
            ],
            [
              114.40909599896389,
              30.75978399959498
            ],
            [
              114.4100658451441,
              30.76079189934092
            ],
            [
              114.41182690327301,
              30.69494670041994
            ],
            [
              114.41111699897272,
              30.694663999593054
            ],
            [
              114.40923699896747,
              30.69398699959286
            ],
            [
              114.40641999895958,
              30.69319799959261
            ],
            [
              114.40375899895206,
              30.69254399959237
            ],
            [
              114.40115099894466,
              30.691902999592116
            ],
            [
              114.399865998941,
              30.691547999592007
            ],
            [
              114.39848499893705,
              30.691101999591876
            ],
            [
              114.39789899893536,
              30.690877999591823
            ],
            [
              114.39756699893442,
              30.69073699959179
            ],
            [
              114.39705099893295,
              30.690510999591734
            ],
            [
              114.39613199893031,
              30.690065999591628
            ],
            [
              114.39842599893736,
              30.681512999591558
            ],
            [
              114.40129699894554,
              30.682348999591827
            ],
            [
              114.4033569989514,
              30.68292499959201
            ],
            [
              114.40543899895728,
              30.683507999592212
            ],
            [
              114.40669899896082,
              30.683843999592337
            ],
            [
              114.40907399896749,
              30.684475999592554
            ],
            [
              114.41111299897315,
              30.68510399959274
            ],
            [
              114.4120816921298,
              30.685402211816072
            ],
            [
              114.41235182784656,
              30.675277827068637
            ],
            [
              114.41145499897463,
              30.67439499959243
            ],
            [
              114.41047299897188,
              30.67412299959232
            ],
            [
              114.41044699897182,
              30.67411599959233
            ],
            [
              114.4096869989697,
              30.673917999592263
            ],
            [
              114.40826399896565,
              30.67522399959219
            ],
            [
              114.4022679989485,
              30.67888199959181
            ],
            [
              114.39943199894041,
              30.678055999591532
            ],
            [
              114.39841599893788,
              30.670478999591207
            ],
            [
              114.39950499894111,
              30.668448999591227
            ],
            [
              114.39976399894188,
              30.668152999591243
            ],
            [
              114.40035099894389,
              30.661251999591073
            ],
            [
              114.40192099894853,
              30.658284999591114
            ],
            [
              114.40968999897056,
              30.656386999591696
            ],
            [
              114.41286020608337,
              30.656210412891774
            ],
            [
              114.41363790841174,
              30.62700626610473
            ],
            [
              114.37907021273378,
              30.62631373046989
            ],
            [
              114.37550709855739,
              30.758012201930818
            ],
            [
              114.37847399887471,
              30.755705999592227
            ],
            [
              114.38221899888602,
              30.755085999592524
            ],
            [
              114.384887998894,
              30.754868999592755
            ],
            [
              114.39065299891075,
              30.760797999593457
            ]
          ]
        ]
      }
    }
  ]
}
